,year,month,source,fuel_type,emissions_tons
0,1987,1,2.0,1.0,1588.61
1,1987,2,2.0,1.0,1428.29
2,1987,3,2.0,1.0,1581.16
3,1987,4,2.0,1.0,1557.4
4,1987,5,2.0,1.0,1513.35
5,1987,6,2.0,1.0,1465.69
6,1987,7,2.0,1.0,1542.77
7,1987,8,2.0,1.0,1493.17
8,1987,9,2.0,1.0,1406.57
9,1987,10,2.0,1.0,1503.36
10,1987,11,2.0,1.0,1460.19
11,1987,12,2.0,1.0,1551.44
12,1988,1,2.0,1.0,1767.64
13,1988,2,2.0,1.0,1704.75
14,1988,3,2.0,1.0,1872.79
15,1988,4,2.0,1.0,1798.04
16,1988,5,2.0,1.0,1734.7
17,1988,6,2.0,1.0,1757.52
18,1988,7,2.0,1.0,1717.99
19,1988,8,2.0,1.0,1748.65
20,1988,9,2.0,1.0,1682.44
21,1988,10,2.0,1.0,1637.48
22,1988,11,2.0,1.0,1729.29
23,1988,12,2.0,1.0,1895.82
24,1989,1,2.0,1.0,2069.27
25,1989,2,2.0,1.0,1914.9
26,1989,3,2.0,1.0,2228.95
27,1989,4,2.0,1.0,2163.71
28,1989,5,2.0,1.0,2189.01
29,1989,6,2.0,1.0,2097.96
30,1989,7,2.0,1.0,2107.53
31,1989,8,2.0,1.0,2095.09
32,1989,9,2.0,1.0,1995.35
33,1989,10,2.0,1.0,2029.26
34,1989,11,2.0,1.0,2089.01
35,1989,12,2.0,1.0,2222.37
36,1990,1,2.0,1.0,2415.54
37,1990,2,2.0,1.0,2219.57
38,1990,3,2.0,1.0,2477.71
39,1990,4,2.0,1.0,2352.33
40,1990,5,2.0,1.0,2396.02
41,1990,6,2.0,1.0,2351.43
42,1990,7,2.0,1.0,2353.07
43,1990,8,2.0,1.0,2540.02
44,1990,9,2.0,1.0,2429.25
45,1990,10,2.0,1.0,2183.88
46,1990,11,2.0,1.0,2287.4
47,1990,12,2.0,1.0,2348.23
48,1991,1,2.0,1.0,2650.84
49,1991,2,2.0,1.0,2321.37
50,1991,3,2.0,1.0,2522.32
51,1991,4,2.0,1.0,2496.3
52,1991,5,2.0,1.0,2498.86
53,1991,6,2.0,1.0,2410.31
54,1991,7,2.0,1.0,2475.9
55,1991,8,2.0,1.0,2456.54
56,1991,9,2.0,1.0,2198.19
57,1991,10,2.0,1.0,2245.9
58,1991,11,2.0,1.0,2310.31
59,1991,12,2.0,1.0,2391.25
60,1992,1,2.0,1.0,2534.59
61,1992,2,2.0,1.0,2476.01
62,1992,3,2.0,1.0,2632.69
63,1992,4,2.0,1.0,2586.91
64,1992,5,2.0,1.0,2590.61
65,1992,6,2.0,1.0,2534.79
66,1992,7,2.0,1.0,2526.81
67,1992,8,2.0,1.0,2467.68
68,1992,9,2.0,1.0,2467.49
69,1992,10,2.0,1.0,2575.59
70,1992,11,2.0,1.0,2576.95
71,1992,12,2.0,1.0,2942.36
72,1993,1,2.0,1.0,2995.46
73,1993,2,2.0,1.0,2848.88
74,1993,3,2.0,1.0,3157.08
75,1993,4,2.0,1.0,3068.95
76,1993,5,2.0,1.0,3114.44
77,1993,6,2.0,1.0,3039.28
78,1993,7,2.0,1.0,3104.99
79,1993,8,2.0,1.0,2970.64
80,1993,9,2.0,1.0,2895.95
81,1993,10,2.0,1.0,2991.49
82,1993,11,2.0,1.0,3130.75
83,1993,12,2.0,1.0,3216.48
84,1994,1,2.0,1.0,3285.76
85,1994,2,2.0,1.0,3101.77
86,1994,3,2.0,1.0,3379.19
87,1994,4,2.0,1.0,3399.84
88,1994,5,2.0,1.0,3395.45
89,1994,6,2.0,1.0,3447.65
90,1994,7,2.0,1.0,3487.98
91,1994,8,2.0,1.0,3422.44
92,1994,9,2.0,1.0,3264.2
93,1994,10,2.0,1.0,3437.4
94,1994,11,2.0,1.0,3532.99
95,1994,12,2.0,1.0,3783.85
96,1995,1,2.0,1.0,3811.96
97,1995,2,2.0,1.0,3609.37
98,1995,3,2.0,1.0,4206.0
99,1995,4,2.0,1.0,4076.03
100,1995,5,2.0,1.0,4339.78
101,1995,6,2.0,1.0,4179.12
102,1995,7,2.0,1.0,4052.13
103,1995,8,2.0,1.0,4031.14
104,1995,9,2.0,1.0,3733.44
105,1995,10,2.0,1.0,3929.05
106,1995,11,2.0,1.0,4016.43
107,1995,12,2.0,1.0,4226.35
108,1996,1,2.0,1.0,4106.11
109,1996,2,2.0,1.0,4162.28
110,1996,3,2.0,1.0,4492.43
111,1996,4,2.0,1.0,4382.35
112,1996,5,2.0,1.0,4533.31
113,1996,6,2.0,1.0,4582.55
114,1996,7,2.0,1.0,4616.21
115,1996,8,2.0,1.0,4548.5
116,1996,9,2.0,1.0,4111.58
117,1996,10,2.0,1.0,4320.59
118,1996,11,2.0,1.0,4342.81
119,1996,12,2.0,1.0,4511.93
120,1997,1,2.0,1.0,4770.96
121,1997,2,2.0,1.0,4499.02
122,1997,3,2.0,1.0,5092.68
123,1997,4,2.0,1.0,4809.06
124,1997,5,2.0,1.0,5159.52
125,1997,6,2.0,1.0,4866.08
126,1997,7,2.0,1.0,4831.29
127,1997,8,2.0,1.0,4445.37
128,1997,9,2.0,1.0,4117.5
129,1997,10,2.0,1.0,4277.02
130,1997,11,2.0,1.0,3911.27
131,1997,12,2.0,1.0,4455.35
132,1998,1,2.0,1.0,4125.59
133,1998,2,2.0,1.0,3707.48
134,1998,3,2.0,1.0,4149.66
135,1998,4,2.0,1.0,3996.22
136,1998,5,2.0,1.0,4065.48
137,1998,6,2.0,1.0,3908.11
138,1998,7,2.0,1.0,3759.2
139,1998,8,2.0,1.0,3773.06
140,1998,9,2.0,1.0,3750.21
141,1998,10,2.0,1.0,3890.28
142,1998,11,2.0,1.0,3605.32
143,1998,12,2.0,1.0,4040.21
144,1999,1,2.0,1.0,3870.18
145,1999,2,2.0,1.0,3712.16
146,1999,3,2.0,1.0,4235.21
147,1999,4,2.0,1.0,4021.25
148,1999,5,2.0,1.0,3892.15
149,1999,6,2.0,1.0,3962.27
150,1999,7,2.0,1.0,4167.62
151,1999,8,2.0,1.0,3947.43
152,1999,9,2.0,1.0,3692.86
153,1999,10,2.0,1.0,3532.15
154,1999,11,2.0,1.0,3789.57
155,1999,12,2.0,1.0,4093.7
156,2000,1,2.0,1.0,4026.16
157,2000,2,2.0,1.0,3698.44
158,2000,3,2.0,1.0,4040.75
159,2000,4,2.0,1.0,4005.59
160,2000,5,2.0,1.0,4085.74
161,2000,6,2.0,1.0,3816.79
162,2000,7,2.0,1.0,3734.97
163,2000,8,2.0,1.0,3774.7
164,2000,9,2.0,1.0,3424.12
165,2000,10,2.0,1.0,3482.68
166,2000,11,2.0,1.0,3582.67
167,2000,12,2.0,1.0,3909.72
168,2001,1,2.0,1.0,3855.61
169,2001,2,2.0,1.0,3594.66
170,2001,3,2.0,1.0,3950.53
171,2001,4,2.0,1.0,4058.6
172,2001,5,2.0,1.0,3932.39
173,2001,6,2.0,1.0,3850.98
174,2001,7,2.0,1.0,3873.54
175,2001,8,2.0,1.0,3870.79
176,2001,9,2.0,1.0,3638.59
177,2001,10,2.0,1.0,3819.91
178,2001,11,2.0,1.0,3863.46
179,2001,12,2.0,1.0,4242.27
180,2002,1,2.0,1.0,4137.83
181,2002,2,2.0,1.0,3792.31
182,2002,3,2.0,1.0,4260.35
183,2002,4,2.0,1.0,4126.17
184,2002,5,2.0,1.0,4190.52
185,2002,6,2.0,1.0,4011.77
186,2002,7,2.0,1.0,4141.23
187,2002,8,2.0,1.0,4193.99
188,2002,9,2.0,1.0,3771.51
189,2002,10,2.0,1.0,3979.65
190,2002,11,2.0,1.0,4182.27
191,2002,12,2.0,1.0,4466.17
192,2003,1,2.0,1.0,4525.76
193,2003,2,2.0,1.0,4021.99
194,2003,3,2.0,1.0,4543.28
195,2003,4,2.0,1.0,4381.38
196,2003,5,2.0,1.0,4507.51
197,2003,6,2.0,1.0,4353.25
198,2003,7,2.0,1.0,4387.7
199,2003,8,2.0,1.0,4305.52
200,2003,9,2.0,1.0,4187.91
201,2003,10,2.0,1.0,4316.85
202,2003,11,2.0,1.0,4556.79
203,2003,12,2.0,1.0,4935.79
204,2004,1,2.0,1.0,4656.9
205,2004,2,2.0,1.0,4566.9
206,2004,3,2.0,1.0,4913.3
207,2004,4,2.0,1.0,4694.56
208,2004,5,2.0,1.0,4822.04
209,2004,6,2.0,1.0,4485.59
210,2004,7,2.0,1.0,4617.84
211,2004,8,2.0,1.0,4556.69
212,2004,9,2.0,1.0,4457.43
213,2004,10,2.0,1.0,4810.21
214,2004,11,2.0,1.0,4845.49
215,2004,12,2.0,1.0,5074.71
216,2005,1,2.0,1.0,5004.95
217,2005,2,2.0,1.0,4957.74
218,2005,3,2.0,1.0,5206.51
219,2005,4,2.0,1.0,4970.15
220,2005,5,2.0,1.0,5197.42
221,2005,6,2.0,1.0,5008.72
222,2005,7,2.0,1.0,4388.55
223,2005,8,2.0,1.0,4697.58
224,2005,9,2.0,1.0,4284.09
225,2005,10,2.0,1.0,4333.75
226,2005,11,2.0,1.0,4497.11
227,2005,12,2.0,1.0,4865.24
228,2006,1,2.0,1.0,4714.48
229,2006,2,2.0,1.0,4410.14
230,2006,3,2.0,1.0,5001.54
231,2006,4,2.0,1.0,4613.96
232,2006,5,2.0,1.0,4751.66
233,2006,6,2.0,1.0,4410.7
234,2006,7,2.0,1.0,4373.69
235,2006,8,2.0,1.0,4373.89
236,2006,9,2.0,1.0,4220.86
237,2006,10,2.0,1.0,4396.54
238,2006,11,2.0,1.0,4607.15
239,2006,12,2.0,1.0,4756.2
240,2007,1,2.0,1.0,4759.06
241,2007,2,2.0,1.0,4374.46
242,2007,3,2.0,1.0,4953.78
243,2007,4,2.0,1.0,4604.31
244,2007,5,2.0,1.0,4579.63
245,2007,6,2.0,1.0,4637.88
246,2007,7,2.0,1.0,4479.99
247,2007,8,2.0,1.0,4650.0
248,2007,9,2.0,1.0,4322.87
249,2007,10,2.0,1.0,4505.76
250,2007,11,2.0,1.0,4498.5
251,2007,12,2.0,1.0,4708.54
252,2008,1,2.0,1.0,4662.45
253,2008,2,2.0,1.0,4337.72
254,2008,3,2.0,1.0,4716.04
255,2008,4,2.0,1.0,4531.41
256,2008,5,2.0,1.0,4377.83
257,2008,6,2.0,1.0,3948.93
258,2008,7,2.0,1.0,3740.76
259,2008,8,2.0,1.0,3940.42
260,2008,9,2.0,1.0,3805.23
261,2008,10,2.0,1.0,4116.66
262,2008,11,2.0,1.0,4079.6
263,2008,12,2.0,1.0,4646.86
264,2009,1,2.0,1.0,4848.9
265,2009,2,2.0,1.0,4116.44
266,2009,3,2.0,1.0,4679.24
267,2009,4,2.0,1.0,4522.58
268,2009,5,2.0,1.0,4710.14
269,2009,6,2.0,1.0,4242.91
270,2009,7,2.0,1.0,4345.31
271,2009,8,2.0,1.0,4282.1
272,2009,9,2.0,1.0,4126.75
273,2009,10,2.0,1.0,4339.24
274,2009,11,2.0,1.0,4277.04
275,2009,12,2.0,1.0,4874.15
276,2010,1,2.0,1.0,4498.69
277,2010,2,2.0,1.0,4419.97
278,2010,3,2.0,1.0,4775.24
279,2010,4,2.0,1.0,4445.46
280,2010,5,2.0,1.0,4513.58
281,2010,6,2.0,1.0,4400.5
282,2010,7,2.0,1.0,4457.18
283,2010,8,2.0,1.0,4276.07
284,2010,9,2.0,1.0,4195.78
285,2010,10,2.0,1.0,4273.77
286,2010,11,2.0,1.0,4576.5
287,2010,12,2.0,1.0,4803.72
288,2011,1,2.0,1.0,4618.5
289,2011,2,2.0,1.0,4290.95
290,2011,3,2.0,1.0,4792.54
291,2011,4,2.0,1.0,4658.34
292,2011,5,2.0,1.0,4717.23
293,2011,6,2.0,1.0,4579.4
294,2011,7,2.0,1.0,4382.93
295,2011,8,2.0,1.0,4455.1
296,2011,9,2.0,1.0,4317.14
297,2011,10,2.0,1.0,4243.6
298,2011,11,2.0,1.0,4318.44
299,2011,12,2.0,1.0,4966.34
300,2012,1,2.0,1.0,4570.87
301,2012,2,2.0,1.0,4518.19
302,2012,3,2.0,1.0,4834.59
303,2012,4,2.0,1.0,4548.07
304,2012,5,2.0,1.0,4750.7
305,2012,6,2.0,1.0,4552.42
306,2012,7,2.0,1.0,4470.29
307,2012,8,2.0,1.0,4491.86
308,2012,9,2.0,1.0,4230.35
309,2012,10,2.0,1.0,4529.24
310,2012,11,2.0,1.0,4714.37
311,2012,12,2.0,1.0,4968.19
312,2013,1,2.0,1.0,4511.52
313,2013,2,2.0,1.0,4118.24
314,2013,3,2.0,1.0,4644.27
315,2013,4,2.0,1.0,4371.16
316,2013,5,2.0,1.0,4624.31
317,2013,6,2.0,1.0,4203.55
318,2013,7,2.0,1.0,4284.12
319,2013,8,2.0,1.0,4186.02
320,2013,9,2.0,1.0,3876.44
321,2013,10,2.0,1.0,4175.08
322,2013,11,2.0,1.0,4302.4
323,2013,12,2.0,1.0,4479.17
324,2014,1,2.0,1.0,4142.57
325,2014,2,2.0,1.0,3834.03
326,2014,3,2.0,1.0,4245.63
327,2014,4,2.0,1.0,4119.44
328,2014,5,2.0,1.0,4271.01
329,2014,6,2.0,1.0,3904.76
330,2014,7,2.0,1.0,4013.57
331,2014,8,2.0,1.0,3963.93
332,2014,9,2.0,1.0,3846.65
333,2014,10,2.0,1.0,3975.45
334,2014,11,2.0,1.0,4022.21
335,2014,12,2.0,1.0,4442.9
336,2015,1,2.0,1.0,4584.4
337,2015,2,2.0,1.0,4312.25
338,2015,3,2.0,1.0,4695.88
339,2015,4,2.0,1.0,4578.69
340,2015,5,2.0,1.0,4688.74
341,2015,6,2.0,1.0,4455.24
342,2015,7,2.0,1.0,4562.78
343,2015,8,2.0,1.0,4516.81
344,2015,9,2.0,1.0,4270.98
345,2015,10,2.0,1.0,4512.18
346,2015,11,2.0,1.0,4604.77
347,2015,12,2.0,1.0,5043.6
348,2016,1,2.0,1.0,5047.27
349,2016,2,2.0,1.0,4988.42
350,2016,3,2.0,1.0,5260.33
351,2016,4,2.0,1.0,5047.25
352,2016,5,2.0,1.0,5204.13
353,2016,6,2.0,1.0,4889.38
354,2016,7,2.0,1.0,4874.38
355,2016,8,2.0,1.0,5019.98
356,2016,9,2.0,1.0,4760.98
357,2016,10,2.0,1.0,4752.54
358,2016,11,2.0,1.0,5057.71
359,2016,12,2.0,1.0,5403.9
360,2017,1,2.0,1.0,5626.37
361,2017,2,2.0,1.0,5447.02
362,2017,3,2.0,1.0,6118.52
363,2017,4,2.0,1.0,5592.67
364,2017,5,2.0,1.0,5875.06
365,2017,6,2.0,1.0,5756.9
366,2017,7,2.0,1.0,5597.31
367,2017,8,2.0,1.0,5669.84
368,2017,9,2.0,1.0,5512.61
369,2017,10,2.0,1.0,5474.73
370,2017,11,2.0,1.0,5687.19
371,2017,12,2.0,1.0,6117.8
372,2018,1,2.0,1.0,6004.22
373,2018,2,2.0,1.0,5736.24
374,2018,3,2.0,1.0,6357.26
375,2018,4,2.0,1.0,5928.33
376,2018,5,2.0,1.0,5943.51
377,2018,6,2.0,1.0,5762.94
378,2018,7,2.0,1.0,5641.97
379,2018,8,2.0,1.0,5799.87
380,2018,9,2.0,1.0,5360.33
381,2018,10,2.0,1.0,5711.94
382,2018,11,2.0,1.0,5926.23
383,2018,12,2.0,1.0,6329.03
384,2019,1,2.0,1.0,6247.87
385,2019,2,2.0,1.0,5780.31
386,2019,3,2.0,1.0,6424.86
387,2019,4,2.0,1.0,6092.0
388,2019,5,2.0,1.0,6208.97
389,2019,6,2.0,1.0,5937.6
390,2019,7,2.0,1.0,6039.26
391,2019,8,2.0,1.0,5914.75
392,2019,9,2.0,1.0,5544.99
393,2019,10,2.0,1.0,6018.19
394,2019,11,2.0,1.0,6059.41
395,2019,12,2.0,1.0,6289.01
396,2020,1,2.0,1.0,6259.42
397,2020,2,2.0,1.0,5887.56
398,2020,3,2.0,1.0,6091.05
399,2020,4,2.0,1.0,5186.49
400,2020,5,2.0,1.0,5777.98
401,2020,6,2.0,1.0,5722.02
402,2020,7,2.0,1.0,6102.24
403,2020,8,2.0,1.0,5980.5
404,2020,9,2.0,1.0,5920.29
405,2020,10,2.0,1.0,5680.79
406,2020,11,2.0,1.0,6060.25
407,2020,12,2.0,1.0,6249.63
408,2021,1,2.0,1.0,5445.19
409,2021,2,2.0,1.0,5657.75
410,2021,3,2.0,1.0,6445.38
411,2021,4,2.0,1.0,5683.56
412,2021,5,2.0,1.0,5361.53
413,2021,6,2.0,1.0,5387.74
414,2021,7,2.0,1.0,4887.22
415,2021,8,2.0,1.0,4799.57
416,2021,9,2.0,1.0,4865.67
417,2021,10,2.0,1.0,5397.63
418,2021,11,2.0,1.0,6128.67
419,2021,12,2.0,1.0,6816.78
420,2022,1,2.0,1.0,6689.91
421,2022,2,2.0,1.0,6136.29
422,2022,3,2.0,1.0,6480.01
423,2022,4,2.0,1.0,6712.67
424,2022,5,2.0,1.0,6326.18
425,2022,6,2.0,1.0,6172.97
426,2022,7,2.0,1.0,5948.11
427,2022,8,2.0,1.0,6276.48
428,2022,9,2.0,1.0,6147.11
429,2022,10,2.0,1.0,6354.09
430,2022,11,2.0,1.0,6654.37
431,2022,12,2.0,1.0,7076.27
432,1987,1,1.0,1.0,531.26
433,1987,2,1.0,1.0,408.65
434,1987,3,1.0,1.0,444.82
435,1987,4,1.0,1.0,433.29
436,1987,5,1.0,1.0,495.61
437,1987,6,1.0,1.0,461.24
438,1987,7,1.0,1.0,460.96
439,1987,8,1.0,1.0,431.23
440,1987,9,1.0,1.0,470.47
441,1987,10,1.0,1.0,439.05
442,1987,11,1.0,1.0,422.36
443,1987,12,1.0,1.0,458.19
444,1988,1,1.0,1.0,423.82
445,1988,2,1.0,1.0,383.89
446,1988,3,1.0,1.0,448.03
447,1988,4,1.0,1.0,451.83
448,1988,5,1.0,1.0,502.24
449,1988,6,1.0,1.0,468.55
450,1988,7,1.0,1.0,472.82
451,1988,8,1.0,1.0,508.74
452,1988,9,1.0,1.0,536.37
453,1988,10,1.0,1.0,524.89
454,1988,11,1.0,1.0,501.64
455,1988,12,1.0,1.0,455.79
456,1989,1,1.0,1.0,574.71
457,1989,2,1.0,1.0,462.64
458,1989,3,1.0,1.0,529.67
459,1989,4,1.0,1.0,519.48
460,1989,5,1.0,1.0,518.86
461,1989,6,1.0,1.0,587.31
462,1989,7,1.0,1.0,548.19
463,1989,8,1.0,1.0,588.52
464,1989,9,1.0,1.0,532.45
465,1989,10,1.0,1.0,614.86
466,1989,11,1.0,1.0,676.0
467,1989,12,1.0,1.0,630.59
468,1990,1,1.0,1.0,597.3
469,1990,2,1.0,1.0,600.82
470,1990,3,1.0,1.0,674.55
471,1990,4,1.0,1.0,598.66
472,1990,5,1.0,1.0,634.84
473,1990,6,1.0,1.0,689.69
474,1990,7,1.0,1.0,710.39
475,1990,8,1.0,1.0,780.93
476,1990,9,1.0,1.0,671.41
477,1990,10,1.0,1.0,660.01
478,1990,11,1.0,1.0,658.46
479,1990,12,1.0,1.0,654.64
480,1991,1,1.0,1.0,749.08
481,1991,2,1.0,1.0,614.94
482,1991,3,1.0,1.0,691.5
483,1991,4,1.0,1.0,695.56
484,1991,5,1.0,1.0,719.5
485,1991,6,1.0,1.0,656.27
486,1991,7,1.0,1.0,759.67
487,1991,8,1.0,1.0,748.58
488,1991,9,1.0,1.0,764.71
489,1991,10,1.0,1.0,769.04
490,1991,11,1.0,1.0,688.66
491,1991,12,1.0,1.0,793.39
492,1992,1,1.0,1.0,836.06
493,1992,2,1.0,1.0,788.41
494,1992,3,1.0,1.0,929.94
495,1992,4,1.0,1.0,894.91
496,1992,5,1.0,1.0,914.75
497,1992,6,1.0,1.0,935.69
498,1992,7,1.0,1.0,864.43
499,1992,8,1.0,1.0,852.69
500,1992,9,1.0,1.0,842.32
501,1992,10,1.0,1.0,835.68
502,1992,11,1.0,1.0,855.85
503,1992,12,1.0,1.0,848.67
504,1993,1,1.0,1.0,881.18
505,1993,2,1.0,1.0,847.86
506,1993,3,1.0,1.0,992.48
507,1993,4,1.0,1.0,936.18
508,1993,5,1.0,1.0,972.95
509,1993,6,1.0,1.0,925.43
510,1993,7,1.0,1.0,928.43
511,1993,8,1.0,1.0,928.4
512,1993,9,1.0,1.0,887.81
513,1993,10,1.0,1.0,995.51
514,1993,11,1.0,1.0,995.5
515,1993,12,1.0,1.0,964.63
516,1994,1,1.0,1.0,975.21
517,1994,2,1.0,1.0,909.89
518,1994,3,1.0,1.0,998.66
519,1994,4,1.0,1.0,948.04
520,1994,5,1.0,1.0,1080.09
521,1994,6,1.0,1.0,997.56
522,1994,7,1.0,1.0,968.98
523,1994,8,1.0,1.0,974.71
524,1994,9,1.0,1.0,993.65
525,1994,10,1.0,1.0,1022.36
526,1994,11,1.0,1.0,1037.15
527,1994,12,1.0,1.0,1063.33
528,1995,1,1.0,1.0,1082.92
529,1995,2,1.0,1.0,1068.71
530,1995,3,1.0,1.0,1273.38
531,1995,4,1.0,1.0,1081.6
532,1995,5,1.0,1.0,1255.04
533,1995,6,1.0,1.0,1167.34
534,1995,7,1.0,1.0,1078.79
535,1995,8,1.0,1.0,1023.35
536,1995,9,1.0,1.0,1009.18
537,1995,10,1.0,1.0,1150.7
538,1995,11,1.0,1.0,1156.36
539,1995,12,1.0,1.0,1164.41
540,1996,1,1.0,1.0,1205.77
541,1996,2,1.0,1.0,1200.31
542,1996,3,1.0,1.0,1362.24
543,1996,4,1.0,1.0,1216.7
544,1996,5,1.0,1.0,1295.78
545,1996,6,1.0,1.0,1182.99
546,1996,7,1.0,1.0,1188.91
547,1996,8,1.0,1.0,1205.57
548,1996,9,1.0,1.0,1204.04
549,1996,10,1.0,1.0,1149.0
550,1996,11,1.0,1.0,1030.81
551,1996,12,1.0,1.0,1033.47
552,1997,1,1.0,1.0,1054.16
553,1997,2,1.0,1.0,934.5
554,1997,3,1.0,1.0,1175.0
555,1997,4,1.0,1.0,1118.33
556,1997,5,1.0,1.0,1245.49
557,1997,6,1.0,1.0,1200.01
558,1997,7,1.0,1.0,1154.35
559,1997,8,1.0,1.0,1076.71
560,1997,9,1.0,1.0,1033.71
561,1997,10,1.0,1.0,1028.31
562,1997,11,1.0,1.0,981.66
563,1997,12,1.0,1.0,910.58
564,1998,1,1.0,1.0,910.44
565,1998,2,1.0,1.0,852.82
566,1998,3,1.0,1.0,1082.65
567,1998,4,1.0,1.0,1062.08
568,1998,5,1.0,1.0,1164.65
569,1998,6,1.0,1.0,1100.63
570,1998,7,1.0,1.0,1035.28
571,1998,8,1.0,1.0,942.61
572,1998,9,1.0,1.0,925.72
573,1998,10,1.0,1.0,875.83
574,1998,11,1.0,1.0,884.22
575,1998,12,1.0,1.0,877.7
576,1999,1,1.0,1.0,877.02
577,1999,2,1.0,1.0,847.33
578,1999,3,1.0,1.0,1084.08
579,1999,4,1.0,1.0,937.44
580,1999,5,1.0,1.0,1142.32
581,1999,6,1.0,1.0,1102.48
582,1999,7,1.0,1.0,1060.17
583,1999,8,1.0,1.0,1074.99
584,1999,9,1.0,1.0,1014.17
585,1999,10,1.0,1.0,1007.25
586,1999,11,1.0,1.0,875.68
587,1999,12,1.0,1.0,878.77
588,2000,1,1.0,1.0,1168.06
589,2000,2,1.0,1.0,1145.58
590,2000,3,1.0,1.0,1185.47
591,2000,4,1.0,1.0,1060.77
592,2000,5,1.0,1.0,1194.58
593,2000,6,1.0,1.0,1148.14
594,2000,7,1.0,1.0,1066.19
595,2000,8,1.0,1.0,1034.75
596,2000,9,1.0,1.0,987.9
597,2000,10,1.0,1.0,971.31
598,2000,11,1.0,1.0,893.23
599,2000,12,1.0,1.0,816.01
600,2001,1,1.0,1.0,1044.69
601,2001,2,1.0,1.0,974.69
602,2001,3,1.0,1.0,1112.55
603,2001,4,1.0,1.0,1031.32
604,2001,5,1.0,1.0,1110.88
605,2001,6,1.0,1.0,1049.93
606,2001,7,1.0,1.0,988.86
607,2001,8,1.0,1.0,1028.38
608,2001,9,1.0,1.0,987.53
609,2001,10,1.0,1.0,1011.97
610,2001,11,1.0,1.0,1010.42
611,2001,12,1.0,1.0,1033.49
612,2002,1,1.0,1.0,1048.51
613,2002,2,1.0,1.0,946.68
614,2002,3,1.0,1.0,1106.93
615,2002,4,1.0,1.0,1126.53
616,2002,5,1.0,1.0,1189.68
617,2002,6,1.0,1.0,1110.27
618,2002,7,1.0,1.0,1093.67
619,2002,8,1.0,1.0,1140.1
620,2002,9,1.0,1.0,1037.23
621,2002,10,1.0,1.0,1037.96
622,2002,11,1.0,1.0,1058.95
623,2002,12,1.0,1.0,1020.23
624,2003,1,1.0,1.0,1028.37
625,2003,2,1.0,1.0,956.83
626,2003,3,1.0,1.0,1047.88
627,2003,4,1.0,1.0,971.74
628,2003,5,1.0,1.0,1088.25
629,2003,6,1.0,1.0,1063.86
630,2003,7,1.0,1.0,1111.79
631,2003,8,1.0,1.0,1090.17
632,2003,9,1.0,1.0,1129.73
633,2003,10,1.0,1.0,1183.48
634,2003,11,1.0,1.0,1157.75
635,2003,12,1.0,1.0,1093.21
636,2004,1,1.0,1.0,1019.73
637,2004,2,1.0,1.0,1050.09
638,2004,3,1.0,1.0,1309.94
639,2004,4,1.0,1.0,1145.89
640,2004,5,1.0,1.0,1185.2
641,2004,6,1.0,1.0,1091.27
642,2004,7,1.0,1.0,1152.52
643,2004,8,1.0,1.0,1072.8
644,2004,9,1.0,1.0,1024.74
645,2004,10,1.0,1.0,1095.25
646,2004,11,1.0,1.0,1090.42
647,2004,12,1.0,1.0,1039.37
648,2005,1,1.0,1.0,839.38
649,2005,2,1.0,1.0,892.34
650,2005,3,1.0,1.0,1048.2
651,2005,4,1.0,1.0,1011.41
652,2005,5,1.0,1.0,1060.92
653,2005,6,1.0,1.0,960.01
654,2005,7,1.0,1.0,975.42
655,2005,8,1.0,1.0,929.66
656,2005,9,1.0,1.0,989.25
657,2005,10,1.0,1.0,1012.93
658,2005,11,1.0,1.0,836.9
659,2005,12,1.0,1.0,881.42
660,2006,1,1.0,1.0,840.78
661,2006,2,1.0,1.0,959.45
662,2006,3,1.0,1.0,988.01
663,2006,4,1.0,1.0,895.16
664,2006,5,1.0,1.0,899.17
665,2006,6,1.0,1.0,984.16
666,2006,7,1.0,1.0,908.76
667,2006,8,1.0,1.0,834.92
668,2006,9,1.0,1.0,721.26
669,2006,10,1.0,1.0,681.59
670,2006,11,1.0,1.0,673.76
671,2006,12,1.0,1.0,702.02
672,2007,1,1.0,1.0,765.98
673,2007,2,1.0,1.0,759.17
674,2007,3,1.0,1.0,860.89
675,2007,4,1.0,1.0,821.49
676,2007,5,1.0,1.0,794.05
677,2007,6,1.0,1.0,805.14
678,2007,7,1.0,1.0,732.16
679,2007,8,1.0,1.0,751.52
680,2007,9,1.0,1.0,823.22
681,2007,10,1.0,1.0,889.44
682,2007,11,1.0,1.0,767.99
683,2007,12,1.0,1.0,797.23
684,2008,1,1.0,1.0,769.38
685,2008,2,1.0,1.0,706.36
686,2008,3,1.0,1.0,848.89
687,2008,4,1.0,1.0,926.14
688,2008,5,1.0,1.0,757.14
689,2008,6,1.0,1.0,681.39
690,2008,7,1.0,1.0,726.25
691,2008,8,1.0,1.0,746.31
692,2008,9,1.0,1.0,695.71
693,2008,10,1.0,1.0,709.24
694,2008,11,1.0,1.0,659.47
695,2008,12,1.0,1.0,689.13
696,2009,1,1.0,1.0,690.53
697,2009,2,1.0,1.0,627.41
698,2009,3,1.0,1.0,671.14
699,2009,4,1.0,1.0,632.88
700,2009,5,1.0,1.0,671.52
701,2009,6,1.0,1.0,640.96
702,2009,7,1.0,1.0,646.39
703,2009,8,1.0,1.0,652.27
704,2009,9,1.0,1.0,643.44
705,2009,10,1.0,1.0,735.6
706,2009,11,1.0,1.0,646.71
707,2009,12,1.0,1.0,737.23
708,2010,1,1.0,1.0,620.4
709,2010,2,1.0,1.0,617.01
710,2010,3,1.0,1.0,721.15
711,2010,4,1.0,1.0,620.86
712,2010,5,1.0,1.0,630.54
713,2010,6,1.0,1.0,600.55
714,2010,7,1.0,1.0,663.6
715,2010,8,1.0,1.0,613.97
716,2010,9,1.0,1.0,583.77
717,2010,10,1.0,1.0,588.82
718,2010,11,1.0,1.0,625.1
719,2010,12,1.0,1.0,640.52
720,2011,1,1.0,1.0,692.68
721,2011,2,1.0,1.0,686.4
722,2011,3,1.0,1.0,740.97
723,2011,4,1.0,1.0,713.34
724,2011,5,1.0,1.0,728.43
725,2011,6,1.0,1.0,775.6
726,2011,7,1.0,1.0,855.01
727,2011,8,1.0,1.0,785.02
728,2011,9,1.0,1.0,783.16
729,2011,10,1.0,1.0,732.88
730,2011,11,1.0,1.0,647.53
731,2011,12,1.0,1.0,781.57
732,2012,1,1.0,1.0,882.47
733,2012,2,1.0,1.0,839.54
734,2012,3,1.0,1.0,871.77
735,2012,4,1.0,1.0,929.04
736,2012,5,1.0,1.0,1080.22
737,2012,6,1.0,1.0,900.41
738,2012,7,1.0,1.0,887.26
739,2012,8,1.0,1.0,857.85
740,2012,9,1.0,1.0,799.9
741,2012,10,1.0,1.0,861.55
742,2012,11,1.0,1.0,850.2
743,2012,12,1.0,1.0,857.5
744,2013,1,1.0,1.0,916.72
745,2013,2,1.0,1.0,965.44
746,2013,3,1.0,1.0,1109.98
747,2013,4,1.0,1.0,1143.5
748,2013,5,1.0,1.0,1047.47
749,2013,6,1.0,1.0,992.76
750,2013,7,1.0,1.0,1056.67
751,2013,8,1.0,1.0,1062.4
752,2013,9,1.0,1.0,982.82
753,2013,10,1.0,1.0,1016.44
754,2013,11,1.0,1.0,1023.21
755,2013,12,1.0,1.0,1085.24
756,2014,1,1.0,1.0,1073.96
757,2014,2,1.0,1.0,938.09
758,2014,3,1.0,1.0,1070.71
759,2014,4,1.0,1.0,1045.68
760,2014,5,1.0,1.0,1069.2
761,2014,6,1.0,1.0,1018.1
762,2014,7,1.0,1.0,1030.16
763,2014,8,1.0,1.0,1013.58
764,2014,9,1.0,1.0,988.88
765,2014,10,1.0,1.0,1019.71
766,2014,11,1.0,1.0,985.47
767,2014,12,1.0,1.0,1058.56
768,2015,1,1.0,1.0,994.3
769,2015,2,1.0,1.0,922.62
770,2015,3,1.0,1.0,1000.04
771,2015,4,1.0,1.0,1069.3
772,2015,5,1.0,1.0,999.17
773,2015,6,1.0,1.0,947.5
774,2015,7,1.0,1.0,949.32
775,2015,8,1.0,1.0,945.4
776,2015,9,1.0,1.0,903.73
777,2015,10,1.0,1.0,950.57
778,2015,11,1.0,1.0,954.59
779,2015,12,1.0,1.0,1026.16
780,2016,1,1.0,1.0,1925.87
781,2016,2,1.0,1.0,1852.34
782,2016,3,1.0,1.0,1993.51
783,2016,4,1.0,1.0,1891.55
784,2016,5,1.0,1.0,1942.18
785,2016,6,1.0,1.0,1811.35
786,2016,7,1.0,1.0,1782.34
787,2016,8,1.0,1.0,1791.37
788,2016,9,1.0,1.0,1707.48
789,2016,10,1.0,1.0,1707.03
790,2016,11,1.0,1.0,1822.75
791,2016,12,1.0,1.0,1965.08
792,2017,1,1.0,1.0,1475.19
793,2017,2,1.0,1.0,1421.1
794,2017,3,1.0,1.0,1605.17
795,2017,4,1.0,1.0,1434.87
796,2017,5,1.0,1.0,1494.9
797,2017,6,1.0,1.0,1465.03
798,2017,7,1.0,1.0,1417.01
799,2017,8,1.0,1.0,1423.33
800,2017,9,1.0,1.0,1384.8
801,2017,10,1.0,1.0,1360.34
802,2017,11,1.0,1.0,1438.33
803,2017,12,1.0,1.0,1530.58
804,2018,1,1.0,1.0,1379.69
805,2018,2,1.0,1.0,1296.23
806,2018,3,1.0,1.0,1434.6
807,2018,4,1.0,1.0,1312.19
808,2018,5,1.0,1.0,1338.04
809,2018,6,1.0,1.0,1278.76
810,2018,7,1.0,1.0,1260.25
811,2018,8,1.0,1.0,1303.04
812,2018,9,1.0,1.0,1217.79
813,2018,10,1.0,1.0,1275.06
814,2018,11,1.0,1.0,1315.45
815,2018,12,1.0,1.0,1394.76
816,2019,1,1.0,1.0,1334.94
817,2019,2,1.0,1.0,1224.7
818,2019,3,1.0,1.0,1360.93
819,2019,4,1.0,1.0,1280.61
820,2019,5,1.0,1.0,1308.87
821,2019,6,1.0,1.0,1241.61
822,2019,7,1.0,1.0,1268.61
823,2019,8,1.0,1.0,1238.12
824,2019,9,1.0,1.0,1156.44
825,2019,10,1.0,1.0,1209.86
826,2019,11,1.0,1.0,1225.32
827,2019,12,1.0,1.0,1252.47
828,2020,1,1.0,1.0,1058.64
829,2020,2,1.0,1.0,986.29
830,2020,3,1.0,1.0,1028.69
831,2020,4,1.0,1.0,863.98
832,2020,5,1.0,1.0,976.97
833,2020,6,1.0,1.0,945.84
834,2020,7,1.0,1.0,1013.12
835,2020,8,1.0,1.0,1016.23
836,2020,9,1.0,1.0,976.77
837,2020,10,1.0,1.0,952.36
838,2020,11,1.0,1.0,1011.78
839,2020,12,1.0,1.0,1043.48
840,2021,1,1.0,1.0,865.2
841,2021,2,1.0,1.0,909.42
842,2021,3,1.0,1.0,1020.36
843,2021,4,1.0,1.0,901.5
844,2021,5,1.0,1.0,875.01
845,2021,6,1.0,1.0,860.79
846,2021,7,1.0,1.0,803.11
847,2021,8,1.0,1.0,807.21
848,2021,9,1.0,1.0,793.26
849,2021,10,1.0,1.0,926.48
850,2021,11,1.0,1.0,1024.77
851,2021,12,1.0,1.0,1139.22
852,2022,1,1.0,1.0,1079.66
853,2022,2,1.0,1.0,988.74
854,2022,3,1.0,1.0,1069.39
855,2022,4,1.0,1.0,1061.33
856,2022,5,1.0,1.0,1063.73
857,2022,6,1.0,1.0,1025.91
858,2022,7,1.0,1.0,976.3
859,2022,8,1.0,1.0,1041.7
860,2022,9,1.0,1.0,996.27
861,2022,10,1.0,1.0,1053.18
862,2022,11,1.0,1.0,1075.07
863,2022,12,1.0,1.0,1126.34
864,1987,1,3.0,1.0,587.72
865,1987,2,3.0,1.0,535.58
866,1987,3,3.0,1.0,584.31
867,1987,4,3.0,1.0,565.79
868,1987,5,3.0,1.0,563.24
869,1987,6,3.0,1.0,547.36
870,1987,7,3.0,1.0,573.08
871,1987,8,3.0,1.0,561.04
872,1987,9,3.0,1.0,536.44
873,1987,10,3.0,1.0,562.94
874,1987,11,3.0,1.0,550.84
875,1987,12,3.0,1.0,598.06
876,1988,1,3.0,1.0,612.46
877,1988,2,3.0,1.0,585.51
878,1988,3,3.0,1.0,644.01
879,1988,4,3.0,1.0,610.45
880,1988,5,3.0,1.0,608.08
881,1988,6,3.0,1.0,614.14
882,1988,7,3.0,1.0,598.88
883,1988,8,3.0,1.0,617.01
884,1988,9,3.0,1.0,599.55
885,1988,10,3.0,1.0,586.19
886,1988,11,3.0,1.0,615.34
887,1988,12,3.0,1.0,672.04
888,1989,1,3.0,1.0,672.91
889,1989,2,3.0,1.0,617.2
890,1989,3,3.0,1.0,713.53
891,1989,4,3.0,1.0,683.78
892,1989,5,3.0,1.0,702.96
893,1989,6,3.0,1.0,672.7
894,1989,7,3.0,1.0,679.24
895,1989,8,3.0,1.0,686.06
896,1989,9,3.0,1.0,651.62
897,1989,10,3.0,1.0,660.1
898,1989,11,3.0,1.0,677.89
899,1989,12,3.0,1.0,726.54
900,1990,1,3.0,1.0,744.42
901,1990,2,3.0,1.0,695.58
902,1990,3,3.0,1.0,766.36
903,1990,4,3.0,1.0,710.96
904,1990,5,3.0,1.0,742.17
905,1990,6,3.0,1.0,731.84
906,1990,7,3.0,1.0,743.06
907,1990,8,3.0,1.0,800.38
908,1990,9,3.0,1.0,760.76
909,1990,10,3.0,1.0,685.23
910,1990,11,3.0,1.0,717.91
911,1990,12,3.0,1.0,739.78
912,1991,1,3.0,1.0,830.3
913,1991,2,3.0,1.0,721.49
914,1991,3,3.0,1.0,781.45
915,1991,4,3.0,1.0,760.36
916,1991,5,3.0,1.0,778.37
917,1991,6,3.0,1.0,741.18
918,1991,7,3.0,1.0,763.19
919,1991,8,3.0,1.0,757.37
920,1991,9,3.0,1.0,685.95
921,1991,10,3.0,1.0,695.7
922,1991,11,3.0,1.0,709.93
923,1991,12,3.0,1.0,740.24
924,1992,1,3.0,1.0,793.97
925,1992,2,3.0,1.0,762.21
926,1992,3,3.0,1.0,801.78
927,1992,4,3.0,1.0,766.36
928,1992,5,3.0,1.0,778.52
929,1992,6,3.0,1.0,772.68
930,1992,7,3.0,1.0,772.44
931,1992,8,3.0,1.0,764.68
932,1992,9,3.0,1.0,760.83
933,1992,10,3.0,1.0,789.77
934,1992,11,3.0,1.0,801.49
935,1992,12,3.0,1.0,911.0
936,1993,1,3.0,1.0,726.02
937,1993,2,3.0,1.0,699.68
938,1993,3,3.0,1.0,758.03
939,1993,4,3.0,1.0,718.31
940,1993,5,3.0,1.0,733.99
941,1993,6,3.0,1.0,722.66
942,1993,7,3.0,1.0,738.2
943,1993,8,3.0,1.0,715.53
944,1993,9,3.0,1.0,709.12
945,1993,10,3.0,1.0,728.27
946,1993,11,3.0,1.0,754.69
947,1993,12,3.0,1.0,784.86
948,1994,1,3.0,1.0,771.6
949,1994,2,3.0,1.0,717.44
950,1994,3,3.0,1.0,781.92
951,1994,4,3.0,1.0,756.04
952,1994,5,3.0,1.0,780.43
953,1994,6,3.0,1.0,785.99
954,1994,7,3.0,1.0,798.64
955,1994,8,3.0,1.0,799.11
956,1994,9,3.0,1.0,771.42
957,1994,10,3.0,1.0,801.22
958,1994,11,3.0,1.0,818.11
959,1994,12,3.0,1.0,867.85
960,1995,1,3.0,1.0,760.43
961,1995,2,3.0,1.0,716.01
962,1995,3,3.0,1.0,812.53
963,1995,4,3.0,1.0,759.62
964,1995,5,3.0,1.0,831.29
965,1995,6,3.0,1.0,803.12
966,1995,7,3.0,1.0,788.28
967,1995,8,3.0,1.0,802.66
968,1995,9,3.0,1.0,744.1
969,1995,10,3.0,1.0,785.93
970,1995,11,3.0,1.0,798.69
971,1995,12,3.0,1.0,833.44
972,1996,1,3.0,1.0,861.8
973,1996,2,3.0,1.0,851.97
974,1996,3,3.0,1.0,900.62
975,1996,4,3.0,1.0,862.28
976,1996,5,3.0,1.0,914.16
977,1996,6,3.0,1.0,910.11
978,1996,7,3.0,1.0,933.6
979,1996,8,3.0,1.0,933.82
980,1996,9,3.0,1.0,861.31
981,1996,10,3.0,1.0,897.87
982,1996,11,3.0,1.0,886.76
983,1996,12,3.0,1.0,929.76
984,1997,1,3.0,1.0,961.5
985,1997,2,3.0,1.0,871.02
986,1997,3,3.0,1.0,980.51
987,1997,4,3.0,1.0,925.6
988,1997,5,3.0,1.0,992.73
989,1997,6,3.0,1.0,940.38
990,1997,7,3.0,1.0,949.5
991,1997,8,3.0,1.0,906.55
992,1997,9,3.0,1.0,861.85
993,1997,10,3.0,1.0,836.91
994,1997,11,3.0,1.0,776.98
995,1997,12,3.0,1.0,859.18
996,1998,1,3.0,1.0,1122.92
997,1998,2,3.0,1.0,1011.54
998,1998,3,3.0,1.0,1139.56
999,1998,4,3.0,1.0,1074.76
1000,1998,5,3.0,1.0,1107.27
1001,1998,6,3.0,1.0,1073.28
1002,1998,7,3.0,1.0,1047.75
1003,1998,8,3.0,1.0,1046.7
1004,1998,9,3.0,1.0,1045.94
1005,1998,10,3.0,1.0,1079.65
1006,1998,11,3.0,1.0,1015.18
1007,1998,12,3.0,1.0,1129.63
1008,1999,1,3.0,1.0,1127.82
1009,1999,2,3.0,1.0,1075.7
1010,1999,3,3.0,1.0,1212.05
1011,1999,4,3.0,1.0,1136.85
1012,1999,5,3.0,1.0,1138.05
1013,1999,6,3.0,1.0,1159.45
1014,1999,7,3.0,1.0,1213.15
1015,1999,8,3.0,1.0,1176.05
1016,1999,9,3.0,1.0,1110.79
1017,1999,10,3.0,1.0,1068.17
1018,1999,11,3.0,1.0,1129.98
1019,1999,12,3.0,1.0,1235.12
1020,2000,1,3.0,1.0,1158.1
1021,2000,2,3.0,1.0,1083.81
1022,2000,3,3.0,1.0,1171.93
1023,2000,4,3.0,1.0,1127.83
1024,2000,5,3.0,1.0,1195.22
1025,2000,6,3.0,1.0,1113.33
1026,2000,7,3.0,1.0,1105.5
1027,2000,8,3.0,1.0,1158.69
1028,2000,9,3.0,1.0,1050.02
1029,2000,10,3.0,1.0,1058.66
1030,2000,11,3.0,1.0,1102.75
1031,2000,12,3.0,1.0,1176.59
1032,2001,1,3.0,1.0,1159.4
1033,2001,2,3.0,1.0,1082.75
1034,2001,3,3.0,1.0,1178.43
1035,2001,4,3.0,1.0,1164.26
1036,2001,5,3.0,1.0,1173.53
1037,2001,6,3.0,1.0,1146.99
1038,2001,7,3.0,1.0,1156.69
1039,2001,8,3.0,1.0,1163.29
1040,2001,9,3.0,1.0,1092.89
1041,2001,10,3.0,1.0,1128.55
1042,2001,11,3.0,1.0,1147.54
1043,2001,12,3.0,1.0,1251.36
1044,2002,1,3.0,1.0,1241.81
1045,2002,2,3.0,1.0,1127.69
1046,2002,3,3.0,1.0,1255.12
1047,2002,4,3.0,1.0,1201.41
1048,2002,5,3.0,1.0,1245.31
1049,2002,6,3.0,1.0,1184.51
1050,2002,7,3.0,1.0,1250.66
1051,2002,8,3.0,1.0,1270.96
1052,2002,9,3.0,1.0,1141.65
1053,2002,10,3.0,1.0,1199.47
1054,2002,11,3.0,1.0,1216.89
1055,2002,12,3.0,1.0,1287.63
1056,2003,1,3.0,1.0,1338.33
1057,2003,2,3.0,1.0,1172.44
1058,2003,3,3.0,1.0,1322.21
1059,2003,4,3.0,1.0,1261.2
1060,2003,5,3.0,1.0,1316.34
1061,2003,6,3.0,1.0,1274.59
1062,2003,7,3.0,1.0,1294.58
1063,2003,8,3.0,1.0,1299.26
1064,2003,9,3.0,1.0,1256.46
1065,2003,10,3.0,1.0,1286.97
1066,2003,11,3.0,1.0,1322.49
1067,2003,12,3.0,1.0,1455.53
1068,2004,1,3.0,1.0,1344.6
1069,2004,2,3.0,1.0,1317.27
1070,2004,3,3.0,1.0,1400.52
1071,2004,4,3.0,1.0,1301.49
1072,2004,5,3.0,1.0,1358.29
1073,2004,6,3.0,1.0,1292.71
1074,2004,7,3.0,1.0,1327.28
1075,2004,8,3.0,1.0,1347.7
1076,2004,9,3.0,1.0,1327.29
1077,2004,10,3.0,1.0,1420.21
1078,2004,11,3.0,1.0,1433.02
1079,2004,12,3.0,1.0,1506.62
1080,2005,1,3.0,1.0,1341.27
1081,2005,2,3.0,1.0,1289.23
1082,2005,3,3.0,1.0,1405.57
1083,2005,4,3.0,1.0,1309.89
1084,2005,5,3.0,1.0,1378.4
1085,2005,6,3.0,1.0,1335.35
1086,2005,7,3.0,1.0,1217.43
1087,2005,8,3.0,1.0,1291.77
1088,2005,9,3.0,1.0,1169.44
1089,2005,10,3.0,1.0,1192.8
1090,2005,11,3.0,1.0,1219.43
1091,2005,12,3.0,1.0,1331.29
1092,2006,1,3.0,1.0,1382.67
1093,2006,2,3.0,1.0,1302.31
1094,2006,3,3.0,1.0,1455.66
1095,2006,4,3.0,1.0,1333.99
1096,2006,5,3.0,1.0,1408.06
1097,2006,6,3.0,1.0,1315.31
1098,2006,7,3.0,1.0,1314.78
1099,2006,8,3.0,1.0,1338.66
1100,2006,9,3.0,1.0,1272.68
1101,2006,10,3.0,1.0,1313.99
1102,2006,11,3.0,1.0,1367.29
1103,2006,12,3.0,1.0,1423.3
1104,2007,1,3.0,1.0,1466.3
1105,2007,2,3.0,1.0,1341.62
1106,2007,3,3.0,1.0,1502.1
1107,2007,4,3.0,1.0,1385.21
1108,2007,5,3.0,1.0,1406.7
1109,2007,6,3.0,1.0,1408.2
1110,2007,7,3.0,1.0,1380.38
1111,2007,8,3.0,1.0,1448.5
1112,2007,9,3.0,1.0,1343.73
1113,2007,10,3.0,1.0,1414.29
1114,2007,11,3.0,1.0,1446.01
1115,2007,12,3.0,1.0,1476.13
1116,2008,1,3.0,1.0,1552.16
1117,2008,2,3.0,1.0,1436.14
1118,2008,3,3.0,1.0,1572.26
1119,2008,4,3.0,1.0,1509.31
1120,2008,5,3.0,1.0,1503.3
1121,2008,6,3.0,1.0,1371.77
1122,2008,7,3.0,1.0,1351.28
1123,2008,8,3.0,1.0,1390.78
1124,2008,9,3.0,1.0,1348.69
1125,2008,10,3.0,1.0,1434.75
1126,2008,11,3.0,1.0,1409.62
1127,2008,12,3.0,1.0,1562.63
1128,2009,1,3.0,1.0,1597.89
1129,2009,2,3.0,1.0,1365.82
1130,2009,3,3.0,1.0,1526.21
1131,2009,4,3.0,1.0,1476.0
1132,2009,5,3.0,1.0,1540.76
1133,2009,6,3.0,1.0,1429.82
1134,2009,7,3.0,1.0,1469.74
1135,2009,8,3.0,1.0,1461.34
1136,2009,9,3.0,1.0,1424.42
1137,2009,10,3.0,1.0,1493.75
1138,2009,11,3.0,1.0,1470.93
1139,2009,12,3.0,1.0,1655.51
1140,2010,1,3.0,1.0,1567.14
1141,2010,2,3.0,1.0,1518.38
1142,2010,3,3.0,1.0,1658.46
1143,2010,4,3.0,1.0,1535.41
1144,2010,5,3.0,1.0,1569.8
1145,2010,6,3.0,1.0,1532.96
1146,2010,7,3.0,1.0,1573.43
1147,2010,8,3.0,1.0,1518.03
1148,2010,9,3.0,1.0,1485.17
1149,2010,10,3.0,1.0,1519.26
1150,2010,11,3.0,1.0,1608.96
1151,2010,12,3.0,1.0,1692.02
1152,2011,1,3.0,1.0,1654.3
1153,2011,2,3.0,1.0,1521.51
1154,2011,3,3.0,1.0,1719.41
1155,2011,4,3.0,1.0,1667.04
1156,2011,5,3.0,1.0,1695.39
1157,2011,6,3.0,1.0,1647.1
1158,2011,7,3.0,1.0,1626.11
1159,2011,8,3.0,1.0,1671.46
1160,2011,9,3.0,1.0,1620.52
1161,2011,10,3.0,1.0,1608.42
1162,2011,11,3.0,1.0,1605.59
1163,2011,12,3.0,1.0,1845.22
1164,2012,1,3.0,1.0,1731.03
1165,2012,2,3.0,1.0,1694.32
1166,2012,3,3.0,1.0,1850.38
1167,2012,4,3.0,1.0,1764.79
1168,2012,5,3.0,1.0,1850.69
1169,2012,6,3.0,1.0,1767.62
1170,2012,7,3.0,1.0,1759.61
1171,2012,8,3.0,1.0,1792.49
1172,2012,9,3.0,1.0,1694.19
1173,2012,10,3.0,1.0,1800.52
1174,2012,11,3.0,1.0,1820.76
1175,2012,12,3.0,1.0,1908.83
1176,2013,1,3.0,1.0,1860.21
1177,2013,2,3.0,1.0,1611.39
1178,2013,3,3.0,1.0,1732.32
1179,2013,4,3.0,1.0,1633.76
1180,2013,5,3.0,1.0,1729.78
1181,2013,6,3.0,1.0,1569.45
1182,2013,7,3.0,1.0,1625.82
1183,2013,8,3.0,1.0,1612.52
1184,2013,9,3.0,1.0,1493.33
1185,2013,10,3.0,1.0,1601.3
1186,2013,11,3.0,1.0,1630.64
1187,2013,12,3.0,1.0,1705.01
1188,2014,1,3.0,1.0,1734.13
1189,2014,2,3.0,1.0,1569.24
1190,2014,3,3.0,1.0,1687.06
1191,2014,4,3.0,1.0,1606.73
1192,2014,5,3.0,1.0,1670.49
1193,2014,6,3.0,1.0,1516.51
1194,2014,7,3.0,1.0,1558.85
1195,2014,8,3.0,1.0,1532.87
1196,2014,9,3.0,1.0,1501.09
1197,2014,10,3.0,1.0,1553.07
1198,2014,11,3.0,1.0,1558.3
1199,2014,12,3.0,1.0,1705.75
1200,2015,1,3.0,1.0,1677.57
1201,2015,2,3.0,1.0,1552.38
1202,2015,3,3.0,1.0,1679.86
1203,2015,4,3.0,1.0,1608.47
1204,2015,5,3.0,1.0,1655.15
1205,2015,6,3.0,1.0,1577.54
1206,2015,7,3.0,1.0,1599.52
1207,2015,8,3.0,1.0,1587.09
1208,2015,9,3.0,1.0,1509.88
1209,2015,10,3.0,1.0,1587.53
1210,2015,11,3.0,1.0,1611.12
1211,2015,12,3.0,1.0,1762.0
1212,2016,1,3.0,1.0,1366.75
1213,2016,2,3.0,1.0,1346.15
1214,2016,3,3.0,1.0,1406.73
1215,2016,4,3.0,1.0,1306.38
1216,2016,5,3.0,1.0,1369.6
1217,2016,6,3.0,1.0,1309.17
1218,2016,7,3.0,1.0,1292.91
1219,2016,8,3.0,1.0,1331.21
1220,2016,9,3.0,1.0,1284.57
1221,2016,10,3.0,1.0,1277.32
1222,2016,11,3.0,1.0,1346.38
1223,2016,12,3.0,1.0,1442.45
1224,2017,1,3.0,1.0,1253.59
1225,2017,2,3.0,1.0,1207.01
1226,2017,3,3.0,1.0,1332.5
1227,2017,4,3.0,1.0,1199.46
1228,2017,5,3.0,1.0,1279.68
1229,2017,6,3.0,1.0,1240.19
1230,2017,7,3.0,1.0,1220.42
1231,2017,8,3.0,1.0,1249.99
1232,2017,9,3.0,1.0,1212.17
1233,2017,10,3.0,1.0,1199.46
1234,2017,11,3.0,1.0,1261.68
1235,2017,12,3.0,1.0,1339.4
1236,2018,1,3.0,1.0,1380.35
1237,2018,2,3.0,1.0,1295.63
1238,2018,3,3.0,1.0,1420.24
1239,2018,4,3.0,1.0,1310.4
1240,2018,5,3.0,1.0,1340.24
1241,2018,6,3.0,1.0,1291.31
1242,2018,7,3.0,1.0,1275.88
1243,2018,8,3.0,1.0,1326.19
1244,2018,9,3.0,1.0,1234.38
1245,2018,10,3.0,1.0,1297.59
1246,2018,11,3.0,1.0,1332.73
1247,2018,12,3.0,1.0,1397.2
1248,2019,1,3.0,1.0,1394.24
1249,2019,2,3.0,1.0,1276.32
1250,2019,3,3.0,1.0,1398.93
1251,2019,4,3.0,1.0,1314.04
1252,2019,5,3.0,1.0,1362.36
1253,2019,6,3.0,1.0,1295.2
1254,2019,7,3.0,1.0,1337.44
1255,2019,8,3.0,1.0,1323.63
1256,2019,9,3.0,1.0,1251.68
1257,2019,10,3.0,1.0,1321.54
1258,2019,11,3.0,1.0,1335.52
1259,2019,12,3.0,1.0,1373.58
1260,2020,1,3.0,1.0,1186.68
1261,2020,2,3.0,1.0,1114.27
1262,2020,3,3.0,1.0,1145.39
1263,2020,4,3.0,1.0,1001.73
1264,2020,5,3.0,1.0,1073.23
1265,2020,6,3.0,1.0,1071.4
1266,2020,7,3.0,1.0,1122.97
1267,2020,8,3.0,1.0,1120.96
1268,2020,9,3.0,1.0,1100.65
1269,2020,10,3.0,1.0,1098.37
1270,2020,11,3.0,1.0,1136.01
1271,2020,12,3.0,1.0,1187.73
1272,2021,1,3.0,1.0,1058.76
1273,2021,2,3.0,1.0,1044.22
1274,2021,3,3.0,1.0,1161.27
1275,2021,4,3.0,1.0,1045.59
1276,2021,5,3.0,1.0,1026.25
1277,2021,6,3.0,1.0,1015.83
1278,2021,7,3.0,1.0,973.51
1279,2021,8,3.0,1.0,956.09
1280,2021,9,3.0,1.0,964.41
1281,2021,10,3.0,1.0,1035.95
1282,2021,11,3.0,1.0,1129.44
1283,2021,12,3.0,1.0,1237.23
1284,2022,1,3.0,1.0,1197.15
1285,2022,2,3.0,1.0,1100.24
1286,2022,3,3.0,1.0,1202.75
1287,2022,4,3.0,1.0,1168.17
1288,2022,5,3.0,1.0,1138.65
1289,2022,6,3.0,1.0,1110.32
1290,2022,7,3.0,1.0,1070.81
1291,2022,8,3.0,1.0,1134.95
1292,2022,9,3.0,1.0,1070.1
1293,2022,10,3.0,1.0,1138.38
1294,2022,11,3.0,1.0,1161.45
1295,2022,12,3.0,1.0,1222.93
1296,1987,1,1.0,3.0,190.5
1297,1987,2,1.0,3.0,280.42
1298,1987,3,1.0,3.0,143.21
1299,1987,4,1.0,3.0,186.45
1300,1987,5,1.0,3.0,273.05
1301,1987,6,1.0,3.0,189.94
1302,1987,7,1.0,3.0,427.81
1303,1987,8,1.0,3.0,195.91
1304,1987,9,1.0,3.0,187.8
1305,1987,10,1.0,3.0,247.81
1306,1987,11,1.0,3.0,282.59
1307,1987,12,1.0,3.0,334.56
1308,1988,1,1.0,3.0,338.65
1309,1988,2,1.0,3.0,253.72
1310,1988,3,1.0,3.0,358.01
1311,1988,4,1.0,3.0,365.11
1312,1988,5,1.0,3.0,377.82
1313,1988,6,1.0,3.0,235.36
1314,1988,7,1.0,3.0,324.43
1315,1988,8,1.0,3.0,232.51
1316,1988,9,1.0,3.0,223.13
1317,1988,10,1.0,3.0,346.53
1318,1988,11,1.0,3.0,234.93
1319,1988,12,1.0,3.0,303.22
1320,1989,1,1.0,3.0,483.4
1321,1989,2,1.0,3.0,383.64
1322,1989,3,1.0,3.0,466.56
1323,1989,4,1.0,3.0,268.33
1324,1989,5,1.0,3.0,351.47
1325,1989,6,1.0,3.0,520.64
1326,1989,7,1.0,3.0,379.48
1327,1989,8,1.0,3.0,414.74
1328,1989,9,1.0,3.0,317.88
1329,1989,10,1.0,3.0,351.07
1330,1989,11,1.0,3.0,452.22
1331,1989,12,1.0,3.0,425.71
1332,1990,1,1.0,3.0,504.63
1333,1990,2,1.0,3.0,420.51
1334,1990,3,1.0,3.0,508.21
1335,1990,4,1.0,3.0,462.86
1336,1990,5,1.0,3.0,562.8
1337,1990,6,1.0,3.0,655.24
1338,1990,7,1.0,3.0,413.55
1339,1990,8,1.0,3.0,446.85
1340,1990,9,1.0,3.0,471.58
1341,1990,10,1.0,3.0,507.12
1342,1990,11,1.0,3.0,605.88
1343,1990,12,1.0,3.0,597.73
1344,1991,1,1.0,3.0,579.16
1345,1991,2,1.0,3.0,491.99
1346,1991,3,1.0,3.0,553.12
1347,1991,4,1.0,3.0,535.6
1348,1991,5,1.0,3.0,543.39
1349,1991,6,1.0,3.0,577.5
1350,1991,7,1.0,3.0,585.85
1351,1991,8,1.0,3.0,533.55
1352,1991,9,1.0,3.0,560.74
1353,1991,10,1.0,3.0,503.61
1354,1991,11,1.0,3.0,699.14
1355,1991,12,1.0,3.0,732.02
1356,1992,1,1.0,3.0,656.11
1357,1992,2,1.0,3.0,638.23
1358,1992,3,1.0,3.0,641.13
1359,1992,4,1.0,3.0,511.54
1360,1992,5,1.0,3.0,638.62
1361,1992,6,1.0,3.0,689.32
1362,1992,7,1.0,3.0,596.66
1363,1992,8,1.0,3.0,486.38
1364,1992,9,1.0,3.0,733.77
1365,1992,10,1.0,3.0,717.56
1366,1992,11,1.0,3.0,673.41
1367,1992,12,1.0,3.0,678.29
1368,1993,1,1.0,3.0,747.39
1369,1993,2,1.0,3.0,774.12
1370,1993,3,1.0,3.0,881.47
1371,1993,4,1.0,3.0,810.49
1372,1993,5,1.0,3.0,870.51
1373,1993,6,1.0,3.0,945.85
1374,1993,7,1.0,3.0,917.5
1375,1993,8,1.0,3.0,950.54
1376,1993,9,1.0,3.0,1091.85
1377,1993,10,1.0,3.0,891.8
1378,1993,11,1.0,3.0,1124.93
1379,1993,12,1.0,3.0,959.29
1380,1994,1,1.0,3.0,1262.05
1381,1994,2,1.0,3.0,952.81
1382,1994,3,1.0,3.0,1090.3
1383,1994,4,1.0,3.0,1150.48
1384,1994,5,1.0,3.0,1120.37
1385,1994,6,1.0,3.0,1106.39
1386,1994,7,1.0,3.0,1046.24
1387,1994,8,1.0,3.0,1252.11
1388,1994,9,1.0,3.0,1193.79
1389,1994,10,1.0,3.0,1179.63
1390,1994,11,1.0,3.0,1221.79
1391,1994,12,1.0,3.0,1241.49
1392,1995,1,1.0,3.0,1460.74
1393,1995,2,1.0,3.0,1320.79
1394,1995,3,1.0,3.0,1272.84
1395,1995,4,1.0,3.0,1316.43
1396,1995,5,1.0,3.0,1274.73
1397,1995,6,1.0,3.0,1345.05
1398,1995,7,1.0,3.0,1492.82
1399,1995,8,1.0,3.0,1379.46
1400,1995,9,1.0,3.0,1389.53
1401,1995,10,1.0,3.0,1152.57
1402,1995,11,1.0,3.0,1270.96
1403,1995,12,1.0,3.0,1294.2
1404,1996,1,1.0,3.0,1487.06
1405,1996,2,1.0,3.0,1540.5
1406,1996,3,1.0,3.0,1586.68
1407,1996,4,1.0,3.0,1607.11
1408,1996,5,1.0,3.0,1181.43
1409,1996,6,1.0,3.0,1561.34
1410,1996,7,1.0,3.0,1707.55
1411,1996,8,1.0,3.0,1588.7
1412,1996,9,1.0,3.0,1651.67
1413,1996,10,1.0,3.0,1638.33
1414,1996,11,1.0,3.0,1614.94
1415,1996,12,1.0,3.0,2105.89
1416,1997,1,1.0,3.0,1620.67
1417,1997,2,1.0,3.0,1683.45
1418,1997,3,1.0,3.0,1622.06
1419,1997,4,1.0,3.0,1594.44
1420,1997,5,1.0,3.0,1393.81
1421,1997,6,1.0,3.0,1638.98
1422,1997,7,1.0,3.0,1454.87
1423,1997,8,1.0,3.0,1898.88
1424,1997,9,1.0,3.0,1361.64
1425,1997,10,1.0,3.0,1473.77
1426,1997,11,1.0,3.0,1594.32
1427,1997,12,1.0,3.0,1419.02
1428,1998,1,1.0,3.0,940.89
1429,1998,2,1.0,3.0,941.28
1430,1998,3,1.0,3.0,1109.73
1431,1998,4,1.0,3.0,1410.65
1432,1998,5,1.0,3.0,1603.53
1433,1998,6,1.0,3.0,1174.99
1434,1998,7,1.0,3.0,1037.75
1435,1998,8,1.0,3.0,1321.62
1436,1998,9,1.0,3.0,1357.26
1437,1998,10,1.0,3.0,1105.91
1438,1998,11,1.0,3.0,1058.66
1439,1998,12,1.0,3.0,1045.91
1440,1999,1,1.0,3.0,1160.26
1441,1999,2,1.0,3.0,1573.14
1442,1999,3,1.0,3.0,1462.33
1443,1999,4,1.0,3.0,1979.78
1444,1999,5,1.0,3.0,1314.9
1445,1999,6,1.0,3.0,1380.76
1446,1999,7,1.0,3.0,1232.97
1447,1999,8,1.0,3.0,1612.79
1448,1999,9,1.0,3.0,997.0
1449,1999,10,1.0,3.0,1058.96
1450,1999,11,1.0,3.0,693.61
1451,1999,12,1.0,3.0,504.36
1452,2000,1,1.0,3.0,1211.49
1453,2000,2,1.0,3.0,1244.99
1454,2000,3,1.0,3.0,1315.36
1455,2000,4,1.0,3.0,1064.11
1456,2000,5,1.0,3.0,777.95
1457,2000,6,1.0,3.0,1186.11
1458,2000,7,1.0,3.0,1084.39
1459,2000,8,1.0,3.0,1377.6
1460,2000,9,1.0,3.0,1447.3
1461,2000,10,1.0,3.0,635.77
1462,2000,11,1.0,3.0,616.0
1463,2000,12,1.0,3.0,817.91
1464,2001,1,1.0,3.0,659.23
1465,2001,2,1.0,3.0,950.05
1466,2001,3,1.0,3.0,999.5
1467,2001,4,1.0,3.0,1080.72
1468,2001,5,1.0,3.0,1245.43
1469,2001,6,1.0,3.0,729.05
1470,2001,7,1.0,3.0,1559.88
1471,2001,8,1.0,3.0,1553.03
1472,2001,9,1.0,3.0,1667.28
1473,2001,10,1.0,3.0,1003.25
1474,2001,11,1.0,3.0,1300.75
1475,2001,12,1.0,3.0,1487.49
1476,2002,1,1.0,3.0,2057.54
1477,2002,2,1.0,3.0,1356.4
1478,2002,3,1.0,3.0,1428.24
1479,2002,4,1.0,3.0,1345.3
1480,2002,5,1.0,3.0,1587.71
1481,2002,6,1.0,3.0,1607.45
1482,2002,7,1.0,3.0,1462.58
1483,2002,8,1.0,3.0,1476.46
1484,2002,9,1.0,3.0,1479.2
1485,2002,10,1.0,3.0,1325.14
1486,2002,11,1.0,3.0,881.87
1487,2002,12,1.0,3.0,1258.51
1488,2003,1,1.0,3.0,2191.02
1489,2003,2,1.0,3.0,1535.49
1490,2003,3,1.0,3.0,1759.56
1491,2003,4,1.0,3.0,1316.96
1492,2003,5,1.0,3.0,1433.5
1493,2003,6,1.0,3.0,1300.07
1494,2003,7,1.0,3.0,912.17
1495,2003,8,1.0,3.0,1285.33
1496,2003,9,1.0,3.0,1762.52
1497,2003,10,1.0,3.0,1569.25
1498,2003,11,1.0,3.0,1463.43
1499,2003,12,1.0,3.0,1452.74
1500,2004,1,1.0,3.0,1735.8
1501,2004,2,1.0,3.0,1754.16
1502,2004,3,1.0,3.0,1992.02
1503,2004,4,1.0,3.0,1829.58
1504,2004,5,1.0,3.0,2001.87
1505,2004,6,1.0,3.0,1947.01
1506,2004,7,1.0,3.0,1758.46
1507,2004,8,1.0,3.0,1793.7
1508,2004,9,1.0,3.0,1757.11
1509,2004,10,1.0,3.0,1669.41
1510,2004,11,1.0,3.0,1757.67
1511,2004,12,1.0,3.0,1729.41
1512,2005,1,1.0,3.0,2219.81
1513,2005,2,1.0,3.0,2089.5
1514,2005,3,1.0,3.0,2507.59
1515,2005,4,1.0,3.0,2228.87
1516,2005,5,1.0,3.0,2321.06
1517,2005,6,1.0,3.0,2142.53
1518,2005,7,1.0,3.0,2116.77
1519,2005,8,1.0,3.0,1926.61
1520,2005,9,1.0,3.0,2067.34
1521,2005,10,1.0,3.0,1978.84
1522,2005,11,1.0,3.0,1941.69
1523,2005,12,1.0,3.0,2026.13
1524,2006,1,1.0,3.0,2051.45
1525,2006,2,1.0,3.0,2235.68
1526,2006,3,1.0,3.0,2384.59
1527,2006,4,1.0,3.0,1867.49
1528,2006,5,1.0,3.0,1925.51
1529,2006,6,1.0,3.0,1988.23
1530,2006,7,1.0,3.0,1921.83
1531,2006,8,1.0,3.0,1901.16
1532,2006,9,1.0,3.0,1933.84
1533,2006,10,1.0,3.0,1964.48
1534,2006,11,1.0,3.0,1903.65
1535,2006,12,1.0,3.0,2512.58
1536,2007,1,1.0,3.0,2462.0
1537,2007,2,1.0,3.0,2135.11
1538,2007,3,1.0,3.0,2305.29
1539,2007,4,1.0,3.0,2634.93
1540,2007,5,1.0,3.0,1792.04
1541,2007,6,1.0,3.0,1714.33
1542,2007,7,1.0,3.0,2134.96
1543,2007,8,1.0,3.0,2763.57
1544,2007,9,1.0,3.0,1767.75
1545,2007,10,1.0,3.0,2112.6
1546,2007,11,1.0,3.0,2120.85
1547,2007,12,1.0,3.0,2409.47
1548,2008,1,1.0,3.0,2572.08
1549,2008,2,1.0,3.0,2494.99
1550,2008,3,1.0,3.0,2534.08
1551,2008,4,1.0,3.0,2548.48
1552,2008,5,1.0,3.0,2585.5
1553,2008,6,1.0,3.0,2702.68
1554,2008,7,1.0,3.0,2644.73
1555,2008,8,1.0,3.0,2487.54
1556,2008,9,1.0,3.0,2485.59
1557,2008,10,1.0,3.0,2494.3
1558,2008,11,1.0,3.0,2226.05
1559,2008,12,1.0,3.0,2068.3
1560,2009,1,1.0,3.0,2195.69
1561,2009,2,1.0,3.0,2207.44
1562,2009,3,1.0,3.0,2299.86
1563,2009,4,1.0,3.0,2866.19
1564,2009,5,1.0,3.0,2732.78
1565,2009,6,1.0,3.0,2975.09
1566,2009,7,1.0,3.0,2786.55
1567,2009,8,1.0,3.0,2686.66
1568,2009,9,1.0,3.0,2749.1
1569,2009,10,1.0,3.0,2338.0
1570,2009,11,1.0,3.0,2679.91
1571,2009,12,1.0,3.0,2951.98
1572,2010,1,1.0,3.0,2326.14
1573,2010,2,1.0,3.0,2245.0
1574,2010,3,1.0,3.0,2918.71
1575,2010,4,1.0,3.0,2887.78
1576,2010,5,1.0,3.0,2887.59
1577,2010,6,1.0,3.0,2967.84
1578,2010,7,1.0,3.0,2897.14
1579,2010,8,1.0,3.0,2705.15
1580,2010,9,1.0,3.0,2846.97
1581,2010,10,1.0,3.0,2626.57
1582,2010,11,1.0,3.0,2891.87
1583,2010,12,1.0,3.0,2512.21
1584,2011,1,1.0,3.0,2686.55
1585,2011,2,1.0,3.0,2694.83
1586,2011,3,1.0,3.0,2911.27
1587,2011,4,1.0,3.0,2735.76
1588,2011,5,1.0,3.0,2714.66
1589,2011,6,1.0,3.0,2744.27
1590,2011,7,1.0,3.0,2578.7
1591,2011,8,1.0,3.0,2890.56
1592,2011,9,1.0,3.0,2748.06
1593,2011,10,1.0,3.0,2555.55
1594,2011,11,1.0,3.0,2147.3
1595,2011,12,1.0,3.0,2244.15
1596,2012,1,1.0,3.0,2114.92
1597,2012,2,1.0,3.0,2162.92
1598,2012,3,1.0,3.0,2302.61
1599,2012,4,1.0,3.0,2385.17
1600,2012,5,1.0,3.0,2528.4
1601,2012,6,1.0,3.0,2370.79
1602,2012,7,1.0,3.0,2832.23
1603,2012,8,1.0,3.0,2735.2
1604,2012,9,1.0,3.0,2603.67
1605,2012,10,1.0,3.0,2796.23
1606,2012,11,1.0,3.0,2717.6
1607,2012,12,1.0,3.0,2654.26
1608,2013,1,1.0,3.0,1957.47
1609,2013,2,1.0,3.0,1906.76
1610,2013,3,1.0,3.0,2052.09
1611,2013,4,1.0,3.0,2190.79
1612,2013,5,1.0,3.0,2357.67
1613,2013,6,1.0,3.0,2439.32
1614,2013,7,1.0,3.0,2521.9
1615,2013,8,1.0,3.0,2467.75
1616,2013,9,1.0,3.0,2380.25
1617,2013,10,1.0,3.0,2561.89
1618,2013,11,1.0,3.0,2456.2
1619,2013,12,1.0,3.0,2478.87
1620,2014,1,1.0,3.0,2337.03
1621,2014,2,1.0,3.0,2459.3
1622,2014,3,1.0,3.0,2411.66
1623,2014,4,1.0,3.0,2823.35
1624,2014,5,1.0,3.0,3155.81
1625,2014,6,1.0,3.0,2814.94
1626,2014,7,1.0,3.0,3034.61
1627,2014,8,1.0,3.0,2808.77
1628,2014,9,1.0,3.0,3145.07
1629,2014,10,1.0,3.0,3199.73
1630,2014,11,1.0,3.0,2793.0
1631,2014,12,1.0,3.0,3153.31
1632,2015,1,1.0,3.0,3053.04
1633,2015,2,1.0,3.0,3120.22
1634,2015,3,1.0,3.0,3180.63
1635,2015,4,1.0,3.0,2970.0
1636,2015,5,1.0,3.0,2758.11
1637,2015,6,1.0,3.0,3059.47
1638,2015,7,1.0,3.0,2903.39
1639,2015,8,1.0,3.0,2756.77
1640,2015,9,1.0,3.0,2901.01
1641,2015,10,1.0,3.0,2906.86
1642,2015,11,1.0,3.0,3058.28
1643,2015,12,1.0,3.0,3557.25
1644,2016,1,1.0,3.0,3319.36
1645,2016,2,1.0,3.0,3194.44
1646,2016,3,1.0,3.0,2930.8
1647,2016,4,1.0,3.0,2674.98
1648,2016,5,1.0,3.0,3007.53
1649,2016,6,1.0,3.0,2852.36
1650,2016,7,1.0,3.0,2969.33
1651,2016,8,1.0,3.0,2945.37
1652,2016,9,1.0,3.0,2690.72
1653,2016,10,1.0,3.0,2836.62
1654,2016,11,1.0,3.0,2841.23
1655,2016,12,1.0,3.0,2804.3
1656,2017,1,1.0,3.0,3061.41
1657,2017,2,1.0,3.0,3150.02
1658,2017,3,1.0,3.0,3427.88
1659,2017,4,1.0,3.0,3201.39
1660,2017,5,1.0,3.0,2812.19
1661,2017,6,1.0,3.0,3335.94
1662,2017,7,1.0,3.0,2962.11
1663,2017,8,1.0,3.0,3099.06
1664,2017,9,1.0,3.0,3096.98
1665,2017,10,1.0,3.0,3121.38
1666,2017,11,1.0,3.0,3050.97
1667,2017,12,1.0,3.0,2846.79
1668,2018,1,1.0,3.0,4002.95
1669,2018,2,1.0,3.0,3266.97
1670,2018,3,1.0,3.0,4201.17
1671,2018,4,1.0,3.0,3288.22
1672,2018,5,1.0,3.0,2917.91
1673,2018,6,1.0,3.0,3733.36
1674,2018,7,1.0,3.0,3676.37
1675,2018,8,1.0,3.0,3653.56
1676,2018,9,1.0,3.0,3588.06
1677,2018,10,1.0,3.0,3399.88
1678,2018,11,1.0,3.0,3086.17
1679,2018,12,1.0,3.0,2969.53
1680,2019,1,1.0,3.0,2838.04
1681,2019,2,1.0,3.0,2430.82
1682,2019,3,1.0,3.0,3176.64
1683,2019,4,1.0,3.0,3196.88
1684,2019,5,1.0,3.0,2969.57
1685,2019,6,1.0,3.0,2755.55
1686,2019,7,1.0,3.0,3090.99
1687,2019,8,1.0,3.0,3231.29
1688,2019,9,1.0,3.0,2904.95
1689,2019,10,1.0,3.0,2871.72
1690,2019,11,1.0,3.0,2816.45
1691,2019,12,1.0,3.0,2810.59
1692,2020,1,1.0,3.0,3384.66
1693,2020,2,1.0,3.0,3056.5
1694,2020,3,1.0,3.0,2922.97
1695,2020,4,1.0,3.0,2906.53
1696,2020,5,1.0,3.0,3087.22
1697,2020,6,1.0,3.0,3036.49
1698,2020,7,1.0,3.0,3063.03
1699,2020,8,1.0,3.0,3129.18
1700,2020,9,1.0,3.0,3491.64
1701,2020,10,1.0,3.0,3555.88
1702,2020,11,1.0,3.0,3885.92
1703,2020,12,1.0,3.0,3832.18
1704,2021,1,1.0,3.0,3545.89
1705,2021,2,1.0,3.0,3074.21
1706,2021,3,1.0,3.0,3614.05
1707,2021,4,1.0,3.0,3529.89
1708,2021,5,1.0,3.0,3588.93
1709,2021,6,1.0,3.0,3558.46
1710,2021,7,1.0,3.0,3595.92
1711,2021,8,1.0,3.0,3725.42
1712,2021,9,1.0,3.0,3611.05
1713,2021,10,1.0,3.0,2902.65
1714,2021,11,1.0,3.0,3195.18
1715,2021,12,1.0,3.0,3633.83
1716,2022,1,1.0,3.0,3071.59
1717,2022,2,1.0,3.0,2773.99
1718,2022,3,1.0,3.0,3029.42
1719,2022,4,1.0,3.0,3097.79
1720,2022,5,1.0,3.0,3173.53
1721,2022,6,1.0,3.0,3079.23
1722,2022,7,1.0,3.0,2756.29
1723,2022,8,1.0,3.0,2777.48
1724,2022,9,1.0,3.0,2636.28
1725,2022,10,1.0,3.0,2642.42
1726,2022,11,1.0,3.0,2505.56
1727,2022,12,1.0,3.0,2665.91
1728,2001,1,2.0,2.0,0.43
1729,2001,2,2.0,2.0,0.45
1730,2001,3,2.0,2.0,0.39
1731,2001,4,2.0,2.0,0.44
1732,2001,5,2.0,2.0,0.56
1733,2001,6,2.0,2.0,0.48
1734,2001,7,2.0,2.0,0.5
1735,2001,8,2.0,2.0,0.48
1736,2001,9,2.0,2.0,0.45
1737,2001,10,2.0,2.0,0.48
1738,2001,11,2.0,2.0,0.48
1739,2001,12,2.0,2.0,0.43
1740,2002,1,2.0,2.0,0.49
1741,2002,2,2.0,2.0,0.41
1742,2002,3,2.0,2.0,0.53
1743,2002,4,2.0,2.0,0.45
1744,2002,5,2.0,2.0,0.45
1745,2002,6,2.0,2.0,0.41
1746,2002,7,2.0,2.0,0.4
1747,2002,8,2.0,2.0,0.45
1748,2002,9,2.0,2.0,0.47
1749,2002,10,2.0,2.0,0.54
1750,2002,11,2.0,2.0,0.49
1751,2002,12,2.0,2.0,0.45
1752,2003,1,2.0,2.0,0.6
1753,2003,2,2.0,2.0,0.49
1754,2003,3,2.0,2.0,0.53
1755,2003,4,2.0,2.0,0.53
1756,2003,5,2.0,2.0,0.54
1757,2003,6,2.0,2.0,0.54
1758,2003,7,2.0,2.0,0.62
1759,2003,8,2.0,2.0,0.53
1760,2003,9,2.0,2.0,0.6
1761,2003,10,2.0,2.0,0.54
1762,2003,11,2.0,2.0,0.5
1763,2003,12,2.0,2.0,0.59
1764,2004,1,2.0,2.0,0.54
1765,2004,2,2.0,2.0,0.5
1766,2004,3,2.0,2.0,0.63
1767,2004,4,2.0,2.0,3.53
1768,2004,5,2.0,2.0,3.83
1769,2004,6,2.0,2.0,4.89
1770,2004,7,2.0,2.0,6.0
1771,2004,8,2.0,2.0,7.1
1772,2004,9,2.0,2.0,7.98
1773,2004,10,2.0,2.0,8.62
1774,2004,11,2.0,2.0,9.96
1775,2004,12,2.0,2.0,9.2
1776,2005,1,2.0,2.0,10.19
1777,2005,2,2.0,2.0,9.78
1778,2005,3,2.0,2.0,11.88
1779,2005,4,2.0,2.0,10.19
1780,2005,5,2.0,2.0,10.95
1781,2005,6,2.0,2.0,11.18
1782,2005,7,2.0,2.0,10.95
1783,2005,8,2.0,2.0,12.52
1784,2005,9,2.0,2.0,11.76
1785,2005,10,2.0,2.0,11.76
1786,2005,11,2.0,2.0,13.16
1787,2005,12,2.0,2.0,12.58
1788,2006,1,2.0,2.0,15.66
1789,2006,2,2.0,2.0,13.45
1790,2006,3,2.0,2.0,15.84
1791,2006,4,2.0,2.0,14.27
1792,2006,5,2.0,2.0,17.47
1793,2006,6,2.0,2.0,17.12
1794,2006,7,2.0,2.0,17.41
1795,2006,8,2.0,2.0,22.59
1796,2006,9,2.0,2.0,21.78
1797,2006,10,2.0,2.0,25.33
1798,2006,11,2.0,2.0,24.63
1799,2006,12,2.0,2.0,24.22
1800,2007,1,2.0,2.0,25.27
1801,2007,2,2.0,2.0,26.44
1802,2007,3,2.0,2.0,33.02
1803,2007,4,2.0,2.0,32.96
1804,2007,5,2.0,2.0,35.17
1805,2007,6,2.0,2.0,37.5
1806,2007,7,2.0,2.0,40.47
1807,2007,8,2.0,2.0,44.43
1808,2007,9,2.0,2.0,46.87
1809,2007,10,2.0,2.0,53.45
1810,2007,11,2.0,2.0,58.64
1811,2007,12,2.0,2.0,65.8
1812,2008,1,2.0,2.0,74.18
1813,2008,2,2.0,2.0,78.72
1814,2008,3,2.0,2.0,93.22
1815,2008,4,2.0,2.0,99.28
1816,2008,5,2.0,2.0,113.37
1817,2008,6,2.0,2.0,125.54
1818,2008,7,2.0,2.0,149.94
1819,2008,8,2.0,2.0,165.14
1820,2008,9,2.0,2.0,171.02
1821,2008,10,2.0,2.0,192.44
1822,2008,11,2.0,2.0,188.89
1823,2008,12,2.0,2.0,195.3
1824,2009,1,2.0,2.0,210.61
1825,2009,2,2.0,2.0,216.08
1826,2009,3,2.0,2.0,248.63
1827,2009,4,2.0,2.0,219.99
1828,2009,5,2.0,2.0,240.95
1829,2009,6,2.0,2.0,247.18
1830,2009,7,2.0,2.0,257.43
1831,2009,8,2.0,2.0,270.24
1832,2009,9,2.0,2.0,263.31
1833,2009,10,2.0,2.0,278.27
1834,2009,11,2.0,2.0,277.98
1835,2009,12,2.0,2.0,302.32
1836,2010,1,2.0,2.0,278.39
1837,2010,2,2.0,2.0,279.44
1838,2010,3,2.0,2.0,316.94
1839,2010,4,2.0,2.0,287.73
1840,2010,5,2.0,2.0,301.5
1841,2010,6,2.0,2.0,315.54
1842,2010,7,2.0,2.0,323.73
1843,2010,8,2.0,2.0,325.82
1844,2010,9,2.0,2.0,331.59
1845,2010,10,2.0,2.0,348.15
1846,2010,11,2.0,2.0,357.06
1847,2010,12,2.0,2.0,379.4
1848,2011,1,2.0,2.0,374.48
1849,2011,2,2.0,2.0,374.76
1850,2011,3,2.0,2.0,416.51
1851,2011,4,2.0,2.0,376.23
1852,2011,5,2.0,2.0,429.04
1853,2011,6,2.0,2.0,429.55
1854,2011,7,2.0,2.0,436.78
1855,2011,8,2.0,2.0,446.97
1856,2011,9,2.0,2.0,433.51
1857,2011,10,2.0,2.0,399.86
1858,2011,11,2.0,2.0,344.33
1859,2011,12,2.0,2.0,438.94
1860,2012,1,2.0,2.0,481.9
1861,2012,2,2.0,2.0,466.44
1862,2012,3,2.0,2.0,503.18
1863,2012,4,2.0,2.0,453.7
1864,2012,5,2.0,2.0,502.23
1865,2012,6,2.0,2.0,489.2
1866,2012,7,2.0,2.0,490.06
1867,2012,8,2.0,2.0,510.11
1868,2012,9,2.0,2.0,496.3
1869,2012,10,2.0,2.0,513.58
1870,2012,11,2.0,2.0,509.82
1871,2012,12,2.0,2.0,502.57
1872,2013,1,2.0,2.0,522.91
1873,2013,2,2.0,2.0,504.82
1874,2013,3,2.0,2.0,558.63
1875,2013,4,2.0,2.0,508.08
1876,2013,5,2.0,2.0,567.32
1877,2013,6,2.0,2.0,540.9
1878,2013,7,2.0,2.0,554.46
1879,2013,8,2.0,2.0,572.75
1880,2013,9,2.0,2.0,542.19
1881,2013,10,2.0,2.0,556.98
1882,2013,11,2.0,2.0,548.32
1883,2013,12,2.0,2.0,547.13
1884,2014,1,2.0,2.0,548.37
1885,2014,2,2.0,2.0,531.25
1886,2014,3,2.0,2.0,590.44
1887,2014,4,2.0,2.0,528.06
1888,2014,5,2.0,2.0,574.75
1889,2014,6,2.0,2.0,553.63
1890,2014,7,2.0,2.0,575.65
1891,2014,8,2.0,2.0,575.38
1892,2014,9,2.0,2.0,559.14
1893,2014,10,2.0,2.0,571.17
1894,2014,11,2.0,2.0,556.09
1895,2014,12,2.0,2.0,565.01
1896,2015,1,2.0,2.0,548.17
1897,2015,2,2.0,2.0,520.21
1898,2015,3,2.0,2.0,594.63
1899,2015,4,2.0,2.0,521.56
1900,2015,5,2.0,2.0,570.51
1901,2015,6,2.0,2.0,545.33
1902,2015,7,2.0,2.0,561.12
1903,2015,8,2.0,2.0,537.42
1904,2015,9,2.0,2.0,507.76
1905,2015,10,2.0,2.0,511.89
1906,2015,11,2.0,2.0,511.26
1907,2015,12,2.0,2.0,525.48
1908,2016,1,2.0,2.0,509.32
1909,2016,2,2.0,2.0,499.67
1910,2016,3,2.0,2.0,549.52
1911,2016,4,2.0,2.0,478.05
1912,2016,5,2.0,2.0,518.2
1913,2016,6,2.0,2.0,485.94
1914,2016,7,2.0,2.0,482.04
1915,2016,8,2.0,2.0,489.76
1916,2016,9,2.0,2.0,466.28
1917,2016,10,2.0,2.0,474.21
1918,2016,11,2.0,2.0,462.63
1919,2016,12,2.0,2.0,508.47
1920,2017,1,2.0,2.0,439.42
1921,2017,2,2.0,2.0,419.83
1922,2017,3,2.0,2.0,476.22
1923,2017,4,2.0,2.0,404.29
1924,2017,5,2.0,2.0,444.17
1925,2017,6,2.0,2.0,425.62
1926,2017,7,2.0,2.0,431.96
1927,2017,8,2.0,2.0,440.17
1928,2017,9,2.0,2.0,424.55
1929,2017,10,2.0,2.0,409.64
1930,2017,11,2.0,2.0,420.78
1931,2017,12,2.0,2.0,420.57
1932,2018,1,2.0,2.0,406.04
1933,2018,2,2.0,2.0,387.88
1934,2018,3,2.0,2.0,430.13
1935,2018,4,2.0,2.0,363.15
1936,2018,5,2.0,2.0,405.34
1937,2018,6,2.0,2.0,395.05
1938,2018,7,2.0,2.0,388.96
1939,2018,8,2.0,2.0,396.22
1940,2018,9,2.0,2.0,369.8
1941,2018,10,2.0,2.0,377.77
1942,2018,11,2.0,2.0,376.03
1943,2018,12,2.0,2.0,369.17
1944,2019,1,2.0,2.0,357.91
1945,2019,2,2.0,2.0,338.77
1946,2019,3,2.0,2.0,382.08
1947,2019,4,2.0,2.0,342.02
1948,2019,5,2.0,2.0,365.74
1949,2019,6,2.0,2.0,343.37
1950,2019,7,2.0,2.0,345.99
1951,2019,8,2.0,2.0,345.23
1952,2019,9,2.0,2.0,314.9
1953,2019,10,2.0,2.0,334.43
1954,2019,11,2.0,2.0,323.27
1955,2019,12,2.0,2.0,320.76
1956,2020,1,2.0,2.0,318.68
1957,2020,2,2.0,2.0,300.43
1958,2020,3,2.0,2.0,285.88
1959,2020,4,2.0,2.0,186.83
1960,2020,5,2.0,2.0,211.87
1961,2020,6,2.0,2.0,229.87
1962,2020,7,2.0,2.0,165.12
1963,2020,8,2.0,2.0,260.16
1964,2020,9,2.0,2.0,250.56
1965,2020,10,2.0,2.0,246.52
1966,2020,11,2.0,2.0,252.62
1967,2020,12,2.0,2.0,249.98
1968,2021,1,2.0,2.0,212.23
1969,2021,2,2.0,2.0,140.67
1970,2021,3,2.0,2.0,265.03
1971,2021,4,2.0,2.0,211.2
1972,2021,5,2.0,2.0,205.9
1973,2021,6,2.0,2.0,208.89
1974,2021,7,2.0,2.0,181.44
1975,2021,8,2.0,2.0,172.46
1976,2021,9,2.0,2.0,177.34
1977,2021,10,2.0,2.0,194.6
1978,2021,11,2.0,2.0,203.77
1979,2021,12,2.0,2.0,215.13
1980,2022,1,2.0,2.0,206.4
1981,2022,2,2.0,2.0,198.61
1982,2022,3,2.0,2.0,222.15
1983,2022,4,2.0,2.0,199.68
1984,2022,5,2.0,2.0,226.24
1985,2022,6,2.0,2.0,227.73
1986,2022,7,2.0,2.0,222.77
1987,2022,8,2.0,2.0,225.31
1988,2022,9,2.0,2.0,213.04
1989,2022,10,2.0,2.0,217.11
1990,2022,11,2.0,2.0,213.36
1991,2022,12,2.0,2.0,225.69
1992,1987,1,1.0,2.0,11.37
1993,1987,2,1.0,2.0,7.11
1994,1987,3,1.0,2.0,8.36
1995,1987,4,1.0,2.0,6.72
1996,1987,5,1.0,2.0,9.45
1997,1987,6,1.0,2.0,6.16
1998,1987,7,1.0,2.0,7.69
1999,1987,8,1.0,2.0,6.94
2000,1987,9,1.0,2.0,4.84
2001,1987,10,1.0,2.0,8.58
2002,1987,11,1.0,2.0,8.67
2003,1987,12,1.0,2.0,9.24
2004,1988,1,1.0,2.0,6.99
2005,1988,2,1.0,2.0,10.97
2006,1988,3,1.0,2.0,11.75
2007,1988,4,1.0,2.0,11.52
2008,1988,5,1.0,2.0,12.05
2009,1988,6,1.0,2.0,12.4
2010,1988,7,1.0,2.0,12.45
2011,1988,8,1.0,2.0,10.15
2012,1988,9,1.0,2.0,13.69
2013,1988,10,1.0,2.0,15.96
2014,1988,11,1.0,2.0,12.49
2015,1988,12,1.0,2.0,16.85
2016,1989,1,1.0,2.0,16.16
2017,1989,2,1.0,2.0,17.37
2018,1989,3,1.0,2.0,19.96
2019,1989,4,1.0,2.0,14.71
2020,1989,5,1.0,2.0,15.3
2021,1989,6,1.0,2.0,15.23
2022,1989,7,1.0,2.0,15.48
2023,1989,8,1.0,2.0,16.02
2024,1989,9,1.0,2.0,15.99
2025,1989,10,1.0,2.0,15.99
2026,1989,11,1.0,2.0,20.06
2027,1989,12,1.0,2.0,22.22
2028,1990,1,1.0,2.0,24.74
2029,1990,2,1.0,2.0,22.5
2030,1990,3,1.0,2.0,25.09
2031,1990,4,1.0,2.0,25.03
2032,1990,5,1.0,2.0,27.16
2033,1990,6,1.0,2.0,27.34
2034,1990,7,1.0,2.0,27.47
2035,1990,8,1.0,2.0,30.64
2036,1990,9,1.0,2.0,33.02
2037,1990,10,1.0,2.0,35.12
2038,1990,11,1.0,2.0,35.22
2039,1990,12,1.0,2.0,57.97
2040,1991,1,1.0,2.0,60.95
2041,1991,2,1.0,2.0,48.56
2042,1991,3,1.0,2.0,38.62
2043,1991,4,1.0,2.0,35.07
2044,1991,5,1.0,2.0,34.58
2045,1991,6,1.0,2.0,35.88
2046,1991,7,1.0,2.0,39.52
2047,1991,8,1.0,2.0,43.18
2048,1991,9,1.0,2.0,42.59
2049,1991,10,1.0,2.0,44.21
2050,1991,11,1.0,2.0,44.17
2051,1991,12,1.0,2.0,48.29
2052,1992,1,1.0,2.0,46.83
2053,1992,2,1.0,2.0,51.6
2054,1992,3,1.0,2.0,58.8
2055,1992,4,1.0,2.0,54.5
2056,1992,5,1.0,2.0,59.51
2057,1992,6,1.0,2.0,62.03
2058,1992,7,1.0,2.0,61.55
2059,1992,8,1.0,2.0,61.59
2060,1992,9,1.0,2.0,60.06
2061,1992,10,1.0,2.0,66.17
2062,1992,11,1.0,2.0,66.33
2063,1992,12,1.0,2.0,65.99
2064,1993,1,1.0,2.0,67.43
2065,1993,2,1.0,2.0,63.61
2066,1993,3,1.0,2.0,70.22
2067,1993,4,1.0,2.0,65.91
2068,1993,5,1.0,2.0,73.28
2069,1993,6,1.0,2.0,77.22
2070,1993,7,1.0,2.0,76.1
2071,1993,8,1.0,2.0,78.18
2072,1993,9,1.0,2.0,60.52
2073,1993,10,1.0,2.0,71.99
2074,1993,11,1.0,2.0,89.67
2075,1993,12,1.0,2.0,75.75
2076,1994,1,1.0,2.0,74.02
2077,1994,2,1.0,2.0,76.07
2078,1994,3,1.0,2.0,90.38
2079,1994,4,1.0,2.0,76.48
2080,1994,5,1.0,2.0,92.4
2081,1994,6,1.0,2.0,95.26
2082,1994,7,1.0,2.0,93.69
2083,1994,8,1.0,2.0,105.34
2084,1994,9,1.0,2.0,102.52
2085,1994,10,1.0,2.0,96.05
2086,1994,11,1.0,2.0,123.29
2087,1994,12,1.0,2.0,116.49
2088,1995,1,1.0,2.0,123.48
2089,1995,2,1.0,2.0,109.01
2090,1995,3,1.0,2.0,126.17
2091,1995,4,1.0,2.0,105.73
2092,1995,5,1.0,2.0,128.29
2093,1995,6,1.0,2.0,119.32
2094,1995,7,1.0,2.0,113.81
2095,1995,8,1.0,2.0,117.04
2096,1995,9,1.0,2.0,138.05
2097,1995,10,1.0,2.0,148.5
2098,1995,11,1.0,2.0,163.78
2099,1995,12,1.0,2.0,155.62
2100,1996,1,1.0,2.0,114.07
2101,1996,2,1.0,2.0,128.63
2102,1996,3,1.0,2.0,111.68
2103,1996,4,1.0,2.0,137.07
2104,1996,5,1.0,2.0,172.12
2105,1996,6,1.0,2.0,157.91
2106,1996,7,1.0,2.0,145.05
2107,1996,8,1.0,2.0,139.46
2108,1996,9,1.0,2.0,147.96
2109,1996,10,1.0,2.0,133.23
2110,1996,11,1.0,2.0,143.36
2111,1996,12,1.0,2.0,133.69
2112,1997,1,1.0,2.0,177.71
2113,1997,2,1.0,2.0,173.23
2114,1997,3,1.0,2.0,164.38
2115,1997,4,1.0,2.0,156.69
2116,1997,5,1.0,2.0,144.87
2117,1997,6,1.0,2.0,169.04
2118,1997,7,1.0,2.0,176.49
2119,1997,8,1.0,2.0,181.03
2120,1997,9,1.0,2.0,179.34
2121,1997,10,1.0,2.0,171.42
2122,1997,11,1.0,2.0,179.4
2123,1997,12,1.0,2.0,175.5
2124,1998,1,1.0,2.0,143.53
2125,1998,2,1.0,2.0,152.03
2126,1998,3,1.0,2.0,155.82
2127,1998,4,1.0,2.0,165.02
2128,1998,5,1.0,2.0,162.81
2129,1998,6,1.0,2.0,164.09
2130,1998,7,1.0,2.0,134.27
2131,1998,8,1.0,2.0,150.05
2132,1998,9,1.0,2.0,165.37
2133,1998,10,1.0,2.0,168.86
2134,1998,11,1.0,2.0,165.48
2135,1998,12,1.0,2.0,224.12
2136,1999,1,1.0,2.0,190.58
2137,1999,2,1.0,2.0,160.36
2138,1999,3,1.0,2.0,204.15
2139,1999,4,1.0,2.0,167.46
2140,1999,5,1.0,2.0,181.9
2141,1999,6,1.0,2.0,227.38
2142,1999,7,1.0,2.0,226.62
2143,1999,8,1.0,2.0,239.9
2144,1999,9,1.0,2.0,249.04
2145,1999,10,1.0,2.0,255.91
2146,1999,11,1.0,2.0,245.72
2147,1999,12,1.0,2.0,265.4
2148,2000,1,1.0,2.0,238.04
2149,2000,2,1.0,2.0,270.7
2150,2000,3,1.0,2.0,253.06
2151,2000,4,1.0,2.0,273.03
2152,2000,5,1.0,2.0,290.73
2153,2000,6,1.0,2.0,314.96
2154,2000,7,1.0,2.0,335.28
2155,2000,8,1.0,2.0,319.32
2156,2000,9,1.0,2.0,346.92
2157,2000,10,1.0,2.0,370.56
2158,2000,11,1.0,2.0,460.29
2159,2000,12,1.0,2.0,386.46
2160,2001,1,1.0,2.0,296.12
2161,2001,2,1.0,2.0,253.33
2162,2001,3,1.0,2.0,305.2
2163,2001,4,1.0,2.0,294.03
2164,2001,5,1.0,2.0,321.98
2165,2001,6,1.0,2.0,311.05
2166,2001,7,1.0,2.0,329.39
2167,2001,8,1.0,2.0,350.63
2168,2001,9,1.0,2.0,313.62
2169,2001,10,1.0,2.0,362.4
2170,2001,11,1.0,2.0,337.88
2171,2001,12,1.0,2.0,287.81
2172,2002,1,1.0,2.0,337.95
2173,2002,2,1.0,2.0,313.57
2174,2002,3,1.0,2.0,291.92
2175,2002,4,1.0,2.0,353.92
2176,2002,5,1.0,2.0,366.37
2177,2002,6,1.0,2.0,351.2
2178,2002,7,1.0,2.0,389.87
2179,2002,8,1.0,2.0,375.88
2180,2002,9,1.0,2.0,365.36
2181,2002,10,1.0,2.0,386.79
2182,2002,11,1.0,2.0,350.76
2183,2002,12,1.0,2.0,340.29
2184,2003,1,1.0,2.0,401.21
2185,2003,2,1.0,2.0,345.82
2186,2003,3,1.0,2.0,367.54
2187,2003,4,1.0,2.0,380.43
2188,2003,5,1.0,2.0,361.14
2189,2003,6,1.0,2.0,383.24
2190,2003,7,1.0,2.0,397.88
2191,2003,8,1.0,2.0,366.69
2192,2003,9,1.0,2.0,418.03
2193,2003,10,1.0,2.0,417.58
2194,2003,11,1.0,2.0,361.6
2195,2003,12,1.0,2.0,421.83
2196,2004,1,1.0,2.0,417.02
2197,2004,2,1.0,2.0,404.6
2198,2004,3,1.0,2.0,444.17
2199,2004,4,1.0,2.0,415.9
2200,2004,5,1.0,2.0,445.7
2201,2004,6,1.0,2.0,446.86
2202,2004,7,1.0,2.0,440.54
2203,2004,8,1.0,2.0,464.35
2204,2004,9,1.0,2.0,464.58
2205,2004,10,1.0,2.0,469.35
2206,2004,11,1.0,2.0,483.56
2207,2004,12,1.0,2.0,457.31
2208,2005,1,1.0,2.0,497.91
2209,2005,2,1.0,2.0,415.92
2210,2005,3,1.0,2.0,478.13
2211,2005,4,1.0,2.0,419.45
2212,2005,5,1.0,2.0,459.42
2213,2005,6,1.0,2.0,444.1
2214,2005,7,1.0,2.0,450.84
2215,2005,8,1.0,2.0,508.5
2216,2005,9,1.0,2.0,488.4
2217,2005,10,1.0,2.0,486.91
2218,2005,11,1.0,2.0,497.83
2219,2005,12,1.0,2.0,476.83
2220,2006,1,1.0,2.0,510.09
2221,2006,2,1.0,2.0,462.29
2222,2006,3,1.0,2.0,523.66
2223,2006,4,1.0,2.0,471.16
2224,2006,5,1.0,2.0,552.98
2225,2006,6,1.0,2.0,521.36
2226,2006,7,1.0,2.0,531.72
2227,2006,8,1.0,2.0,566.81
2228,2006,9,1.0,2.0,532.56
2229,2006,10,1.0,2.0,579.69
2230,2006,11,1.0,2.0,584.92
2231,2006,12,1.0,2.0,571.01
2232,2007,1,1.0,2.0,678.0
2233,2007,2,1.0,2.0,603.32
2234,2007,3,1.0,2.0,623.75
2235,2007,4,1.0,2.0,617.17
2236,2007,5,1.0,2.0,664.19
2237,2007,6,1.0,2.0,618.56
2238,2007,7,1.0,2.0,627.45
2239,2007,8,1.0,2.0,690.88
2240,2007,9,1.0,2.0,636.59
2241,2007,10,1.0,2.0,722.5
2242,2007,11,1.0,2.0,700.31
2243,2007,12,1.0,2.0,697.86
2244,2008,1,1.0,2.0,733.13
2245,2008,2,1.0,2.0,715.0
2246,2008,3,1.0,2.0,760.3
2247,2008,4,1.0,2.0,756.53
2248,2008,5,1.0,2.0,787.57
2249,2008,6,1.0,2.0,749.58
2250,2008,7,1.0,2.0,856.9
2251,2008,8,1.0,2.0,825.87
2252,2008,9,1.0,2.0,840.24
2253,2008,10,1.0,2.0,806.8
2254,2008,11,1.0,2.0,742.36
2255,2008,12,1.0,2.0,763.87
2256,2009,1,1.0,2.0,826.76
2257,2009,2,1.0,2.0,797.73
2258,2009,3,1.0,2.0,924.42
2259,2009,4,1.0,2.0,854.96
2260,2009,5,1.0,2.0,914.36
2261,2009,6,1.0,2.0,951.15
2262,2009,7,1.0,2.0,929.62
2263,2009,8,1.0,2.0,948.71
2264,2009,9,1.0,2.0,996.62
2265,2009,10,1.0,2.0,1060.97
2266,2009,11,1.0,2.0,1032.17
2267,2009,12,1.0,2.0,1018.22
2268,2010,1,1.0,2.0,1050.86
2269,2010,2,1.0,2.0,1050.8
2270,2010,3,1.0,2.0,1217.01
2271,2010,4,1.0,2.0,1073.87
2272,2010,5,1.0,2.0,1139.01
2273,2010,6,1.0,2.0,1167.44
2274,2010,7,1.0,2.0,1174.96
2275,2010,8,1.0,2.0,1214.39
2276,2010,9,1.0,2.0,1216.3
2277,2010,10,1.0,2.0,1199.96
2278,2010,11,1.0,2.0,1215.19
2279,2010,12,1.0,2.0,1278.45
2280,2011,1,1.0,2.0,1250.63
2281,2011,2,1.0,2.0,1191.63
2282,2011,3,1.0,2.0,1456.25
2283,2011,4,1.0,2.0,1357.31
2284,2011,5,1.0,2.0,1457.22
2285,2011,6,1.0,2.0,1485.64
2286,2011,7,1.0,2.0,1504.08
2287,2011,8,1.0,2.0,1531.61
2288,2011,9,1.0,2.0,1527.98
2289,2011,10,1.0,2.0,1449.38
2290,2011,11,1.0,2.0,1327.13
2291,2011,12,1.0,2.0,1463.9
2292,2012,1,1.0,2.0,1536.12
2293,2012,2,1.0,2.0,1524.07
2294,2012,3,1.0,2.0,1587.35
2295,2012,4,1.0,2.0,1556.78
2296,2012,5,1.0,2.0,1647.63
2297,2012,6,1.0,2.0,1591.9
2298,2012,7,1.0,2.0,1644.05
2299,2012,8,1.0,2.0,1668.26
2300,2012,9,1.0,2.0,1639.8
2301,2012,10,1.0,2.0,1678.88
2302,2012,11,1.0,2.0,1640.73
2303,2012,12,1.0,2.0,1585.83
2304,2013,1,1.0,2.0,1651.42
2305,2013,2,1.0,2.0,1525.18
2306,2013,3,1.0,2.0,1684.6
2307,2013,4,1.0,2.0,1582.28
2308,2013,5,1.0,2.0,1664.67
2309,2013,6,1.0,2.0,1591.12
2310,2013,7,1.0,2.0,1772.54
2311,2013,8,1.0,2.0,1731.95
2312,2013,9,1.0,2.0,1709.51
2313,2013,10,1.0,2.0,1749.3
2314,2013,11,1.0,2.0,1665.63
2315,2013,12,1.0,2.0,1698.25
2316,2014,1,1.0,2.0,1702.12
2317,2014,2,1.0,2.0,1604.7
2318,2014,3,1.0,2.0,1675.09
2319,2014,4,1.0,2.0,1627.44
2320,2014,5,1.0,2.0,1705.94
2321,2014,6,1.0,2.0,1680.09
2322,2014,7,1.0,2.0,1780.79
2323,2014,8,1.0,2.0,1812.6
2324,2014,9,1.0,2.0,1812.45
2325,2014,10,1.0,2.0,1810.24
2326,2014,11,1.0,2.0,1712.87
2327,2014,12,1.0,2.0,1679.02
2328,2015,1,1.0,2.0,1661.08
2329,2015,2,1.0,2.0,1619.41
2330,2015,3,1.0,2.0,1857.55
2331,2015,4,1.0,2.0,1707.48
2332,2015,5,1.0,2.0,1787.04
2333,2015,6,1.0,2.0,1781.57
2334,2015,7,1.0,2.0,1726.46
2335,2015,8,1.0,2.0,1546.94
2336,2015,9,1.0,2.0,1645.82
2337,2015,10,1.0,2.0,1622.69
2338,2015,11,1.0,2.0,1645.7
2339,2015,12,1.0,2.0,1689.35
2340,2016,1,1.0,2.0,1651.13
2341,2016,2,1.0,2.0,1652.2
2342,2016,3,1.0,2.0,1775.3
2343,2016,4,1.0,2.0,1672.23
2344,2016,5,1.0,2.0,1788.85
2345,2016,6,1.0,2.0,1708.8
2346,2016,7,1.0,2.0,1740.97
2347,2016,8,1.0,2.0,1778.44
2348,2016,9,1.0,2.0,1736.28
2349,2016,10,1.0,2.0,1714.93
2350,2016,11,1.0,2.0,1749.34
2351,2016,12,1.0,2.0,1749.34
2352,2017,1,1.0,2.0,1665.73
2353,2017,2,1.0,2.0,1582.64
2354,2017,3,1.0,2.0,1767.84
2355,2017,4,1.0,2.0,1622.66
2356,2017,5,1.0,2.0,1794.39
2357,2017,6,1.0,2.0,1682.22
2358,2017,7,1.0,2.0,1720.75
2359,2017,8,1.0,2.0,1763.39
2360,2017,9,1.0,2.0,1720.52
2361,2017,10,1.0,2.0,1765.4
2362,2017,11,1.0,2.0,1725.48
2363,2017,12,1.0,2.0,1737.84
2364,2018,1,1.0,2.0,1757.34
2365,2018,2,1.0,2.0,1639.86
2366,2018,3,1.0,2.0,1781.79
2367,2018,4,1.0,2.0,1701.62
2368,2018,5,1.0,2.0,1768.93
2369,2018,6,1.0,2.0,1741.64
2370,2018,7,1.0,2.0,1781.25
2371,2018,8,1.0,2.0,1798.84
2372,2018,9,1.0,2.0,1660.42
2373,2018,10,1.0,2.0,1778.82
2374,2018,11,1.0,2.0,1747.9
2375,2018,12,1.0,2.0,1698.33
2376,2019,1,1.0,2.0,1755.66
2377,2019,2,1.0,2.0,1613.79
2378,2019,3,1.0,2.0,1766.32
2379,2019,4,1.0,2.0,1673.95
2380,2019,5,1.0,2.0,1733.96
2381,2019,6,1.0,2.0,1673.68
2382,2019,7,1.0,2.0,1727.71
2383,2019,8,1.0,2.0,1767.2
2384,2019,9,1.0,2.0,1707.48
2385,2019,10,1.0,2.0,1619.14
2386,2019,11,1.0,2.0,1577.97
2387,2019,12,1.0,2.0,1625.64
2388,2020,1,1.0,2.0,1712.73
2389,2020,2,1.0,2.0,1559.44
2390,2020,3,1.0,2.0,1674.01
2391,2020,4,1.0,2.0,1429.78
2392,2020,5,1.0,2.0,1427.91
2393,2020,6,1.0,2.0,1382.55
2394,2020,7,1.0,2.0,1451.49
2395,2020,8,1.0,2.0,1493.41
2396,2020,9,1.0,2.0,1498.01
2397,2020,10,1.0,2.0,1584.11
2398,2020,11,1.0,2.0,1590.55
2399,2020,12,1.0,2.0,1536.96
2400,2021,1,1.0,2.0,1494.36
2401,2021,2,1.0,2.0,1465.63
2402,2021,3,1.0,2.0,1631.77
2403,2021,4,1.0,2.0,1579.17
2404,2021,5,1.0,2.0,1652.53
2405,2021,6,1.0,2.0,1626.98
2406,2021,7,1.0,2.0,1601.67
2407,2021,8,1.0,2.0,1564.6
2408,2021,9,1.0,2.0,1452.62
2409,2021,10,1.0,2.0,1547.99
2410,2021,11,1.0,2.0,1557.38
2411,2021,12,1.0,2.0,1576.14
2412,2022,1,1.0,2.0,1583.38
2413,2022,2,1.0,2.0,1458.29
2414,2022,3,1.0,2.0,1716.89
2415,2022,4,1.0,2.0,1701.85
2416,2022,5,1.0,2.0,1683.42
2417,2022,6,1.0,2.0,1684.92
2418,2022,7,1.0,2.0,1701.02
2419,2022,8,1.0,2.0,1764.82
2420,2022,9,1.0,2.0,1679.07
2421,2022,10,1.0,2.0,1612.04
2422,2022,11,1.0,2.0,1539.67
2423,2022,12,1.0,2.0,1553.15
